-- phpMyAdmin SQL Dump
-- version 5.2.2
-- https://www.phpmyadmin.net/
--
-- Host: localhost
-- Gegenereerd op: 27 apr 2026 om 14:01
-- Serverversie: 10.11.11-MariaDB
-- PHP-versie: 8.2.28

SET FOREIGN_KEY_CHECKS=0;
SET SQL_MODE = "NO_AUTO_VALUE_ON_ZERO";
START TRANSACTION;
SET time_zone = "+00:00";


/*!40101 SET @OLD_CHARACTER_SET_CLIENT=@@CHARACTER_SET_CLIENT */;
/*!40101 SET @OLD_CHARACTER_SET_RESULTS=@@CHARACTER_SET_RESULTS */;
/*!40101 SET @OLD_COLLATION_CONNECTION=@@COLLATION_CONNECTION */;
/*!40101 SET NAMES utf8mb4 */;

--
-- Database: `racecore`
--
CREATE DATABASE IF NOT EXISTS `racecore` DEFAULT CHARACTER SET utf8mb4 COLLATE utf8mb4_general_ci;
USE `racecore`;

-- --------------------------------------------------------

--
-- Tabelstructuur voor tabel `Cyclists`
--

DROP TABLE IF EXISTS `Cyclists`;
CREATE TABLE IF NOT EXISTS `Cyclists` (
  `Id` int(11) NOT NULL AUTO_INCREMENT,
  `FirstName` longtext NOT NULL,
  `LastName` longtext NOT NULL,
  `TeamId` int(11) DEFAULT NULL,
  `IsActive` tinyint(1) NOT NULL,
  PRIMARY KEY (`Id`),
  KEY `IX_Cyclists_TeamId` (`TeamId`)
) ENGINE=InnoDB AUTO_INCREMENT=727 DEFAULT CHARSET=utf8mb4 COLLATE=utf8mb4_general_ci;

--
-- Gegevens worden geëxporteerd voor tabel `Cyclists`
--

INSERT INTO `Cyclists` (`Id`, `FirstName`, `LastName`, `TeamId`, `IsActive`) VALUES
(1, 'Tadej', 'Pogačar', 1, 1),
(2, 'Jonas', 'Vingegaard', 2, 1),
(3, 'Remco', 'Evenepoel', 3, 1),
(4, 'Mathieu', 'van der Poel', 4, 1),
(5, 'Wout', 'van Aert', 2, 1),
(6, 'João', 'Almeida', 1, 1),
(7, 'Isaac', 'del Toro', 1, 1),
(8, 'Mads', 'Pedersen', 5, 1),
(9, 'Tom', 'Pidcock', 6, 1),
(10, 'Jasper', 'Philipsen', 4, 1),
(11, 'Primož', 'Roglič', 3, 1),
(12, 'Adam', 'Yates', 1, 1),
(13, 'Biniam', 'Girmay', 7, 1),
(14, 'Brandon', 'McNulty', 1, 1),
(15, 'Matteo', 'Jorgenson', 2, 1),
(16, 'Felix', 'Gall', 8, 1),
(17, 'Paul', 'Magnier', 9, 1),
(18, 'Filippo', 'Ganna', 10, 1),
(19, 'Mattias', 'Skjelmose', 5, 1),
(20, 'Jay', 'Vine', 1, 1),
(21, 'Florian', 'Lipowitz', 3, 1),
(22, 'Giulio', 'Ciccone', 5, 1),
(23, 'Jordi', 'Meeus', 3, 1),
(24, 'Ben', 'Healy', 11, 1),
(25, 'Ben', 'O\'Connor', 12, 1),
(26, 'Florian', 'Vermeersch', 1, 1),
(27, 'Christophe', 'Laporte', 2, 1),
(28, 'Arnaud', 'De Lie', 13, 1),
(29, 'Tobias Lund', 'Andresen', 8, 1),
(30, 'Jasper', 'Stuyven', 9, 1),
(31, 'Oscar', 'Onley', 10, 1),
(32, 'Kévin', 'Vauquelin', 10, 1),
(33, 'Lenny', 'Martinez', 14, 1),
(34, 'Tobias Halland', 'Johannessen', 15, 1),
(35, 'Juan', 'Ayuso', 5, 1),
(36, 'Giulio', 'Pellizzari', 3, 1),
(37, 'Søren', 'Wærenskjold', 15, 1),
(38, 'Mike', 'Teunissen', 16, 1),
(39, 'Richard', 'Carapaz', 11, 1),
(40, 'Thymen', 'Arensman', 10, 1),
(41, 'Michael', 'Storer', 19, 1),
(42, 'Jai', 'Hindley', 3, 1),
(43, 'Sepp', 'Kuss', 2, 1),
(44, 'Egan', 'Bernal', 10, 1),
(45, 'Tim', 'Merlier', 9, 1),
(46, 'Carlos', 'Rodríguez', 10, 1),
(47, 'Antonio', 'Tiberi', 14, 1),
(48, 'Paul', 'Seixas', 8, 1),
(49, 'Santiago', 'Buitrago', 14, 1),
(50, 'Jonathan', 'Milan', 5, 1),
(51, 'Enric', 'Mas', 17, 1),
(52, 'Ilan', 'Van Wilder', 9, 1),
(53, 'Jonas', 'Abrahamsen', 15, 1),
(54, 'Harold', 'Tejada', 16, 1),
(55, 'Jan', 'Christen', 1, 1),
(56, 'Jhonatan', 'Narváez', 1, 1),
(57, 'Pello', 'Bilbao', 14, 1),
(58, 'Lorenzo', 'Fortunato', 16, 1),
(59, 'Anthony', 'Turgis', 18, 1),
(60, 'Stefan', 'Küng', 19, 1),
(61, 'Laurence', 'Pithie', 3, 1),
(62, 'Matthew', 'Riccitello', 8, 1),
(63, 'Mikel', 'Landa', 9, 1),
(64, 'Tim', 'Wellens', 1, 1),
(65, 'Derek', 'Gee-West', 5, 1),
(66, 'Pavel', 'Sivakov', 1, 1),
(67, 'Matteo', 'Trentin', 19, 1),
(68, 'Mathias', 'Vacek', 5, 1),
(69, 'Guillaume', 'Martin-Guyonnet', 20, 1),
(70, 'Romain', 'Grégoire', 20, 1),
(71, 'Mauro', 'Schmid', 12, 1),
(72, 'Cian', 'Uijtdebroeks', 17, 1),
(73, 'Aleksandr', 'Vlasov', 3, 1),
(74, 'António', 'Morgado', 1, 1),
(75, 'Marc', 'Soler', 1, 1),
(76, 'Christian', 'Scaroni', 16, 1),
(77, 'Felix', 'Großschartner', 1, 1),
(78, 'Tiesj', 'Benoot', 8, 1),
(79, 'Einer', 'Rubio', 17, 1),
(80, 'Valentin', 'Madouas', 20, 1),
(81, 'Alex', 'Aranburu', 21, 1),
(82, 'Gianni', 'Vermeersch', 4, 1),
(83, 'Dorian', 'Godon', 10, 1),
(84, 'Jordan', 'Jegat', 18, 1),
(85, 'Stefan', 'Bissegger', 11, 1),
(86, 'Alec', 'Segaert', 13, 1),
(87, 'Bruno', 'Armirail', 8, 1),
(88, 'Magnus', 'Sheffield', 10, 1),
(89, 'Neilson', 'Powless', 11, 1),
(90, 'Rasmus', 'Tiller', 15, 1),
(91, 'Nils', 'Politt', 1, 1),
(92, 'Alex', 'Baudin', 11, 1),
(93, 'Alberto', 'Bettiol', 16, 1),
(94, 'Cristián', 'Rodríguez', 16, 1),
(95, 'Matej', 'Mohorič', 14, 1),
(96, 'Emilien', 'Jeannière', 18, 1),
(97, 'Toms', 'Skujiņš', 5, 1),
(98, 'Luca', 'Mozzato', 18, 1),
(99, 'Ion', 'Izagirre', 21, 1),
(100, 'Julian', 'Alaphilippe', 9, 1),
(101, 'Valentin', 'Paret-Peintre', 8, 1),
(102, 'Luke', 'Plapp', 12, 1),
(103, 'Clément', 'Champoussin', 18, 1),
(104, 'Corbin', 'Strong', 7, 1),
(105, 'Jenno', 'Berckmoes', 13, 1),
(106, 'Diego', 'Ulissi', 1, 1),
(107, 'Tim', 'van Dijke', 2, 1),
(108, 'Olav', 'Kooij', 2, 1),
(109, 'Pavel', 'Bittner', 22, 1),
(110, 'Ethan', 'Vernon', 7, 1),
(111, 'Marc', 'Hirschi', 1, 1),
(112, 'Tibor', 'Del Grosso', 4, 1),
(113, 'Daan', 'Hoole', 5, 1),
(114, 'Damiano', 'Caruso', 14, 1),
(115, 'Stanislaw', 'Aniolkowski', 21, 1),
(116, 'Filippo', 'Zana', 12, 1),
(117, 'Max', 'Walscheid', 12, 1),
(118, 'Matthew', 'Brennan', 2, 1),
(119, 'Luke', 'Lamperti', 9, 1),
(120, 'Joshua', 'Tarling', 10, 1),
(121, 'Alexis', 'Renard', 21, 1),
(122, 'Davide', 'Piganzoli', 6, 1),
(123, 'Ben', 'Tulett', 2, 1),
(124, 'Lewis', 'Askey', 20, 1),
(125, 'Orluis', 'Aular', 17, 1),
(126, 'Dylan', 'Groenewegen', 12, 1),
(127, 'Iván', 'Romeo', 17, 1),
(128, 'Iván', 'García Cortina', 17, 1),
(129, 'Michael', 'Matthews', 12, 1),
(130, 'Daniel Felipe', 'Martínez', 3, 1),
(131, 'Laurenz', 'Rex', 13, 1),
(132, 'Andrea', 'Vendrame', 8, 1),
(133, 'Fred', 'Wright', 14, 1),
(134, 'Cees', 'Bol', 16, 1),
(135, 'Aimé', 'De Gendt', 21, 1),
(136, 'Kaden', 'Groves', 4, 1),
(137, 'Javier', 'Romo', 16, 1),
(138, 'Quinten', 'Hermans', 4, 1),
(139, 'Edoardo', 'Zambanini', 14, 1),
(140, 'Oliver', 'Naesen', 8, 1),
(141, 'Axel', 'Laurance', 4, 1),
(142, 'Aurélien', 'Paret-Peintre', 8, 1),
(143, 'Sandy', 'Dujardin', 18, 1),
(144, 'Hugo', 'Hofstetter', 7, 1),
(145, 'Davide', 'Ballerini', 16, 1),
(146, 'Nicolas', 'Prodhomme', 8, 1),
(147, 'Axel', 'Zingle', 21, 1),
(148, 'Lennert', 'Van Eetvelt', 13, 1),
(149, 'Madis', 'Mihkels', 13, 1),
(150, 'Danny', 'van Poppel', 3, 1),
(151, 'Pablo', 'Castrillo', 17, 1),
(152, 'Kevin', 'Vermaerke', 11, 1),
(153, 'Milan', 'Menten', 13, 1),
(154, 'Per', 'Strand Hagenes', 2, 1),
(155, 'Paul', 'Lapeira', 8, 1),
(156, 'Mick', 'van Dijke', 2, 1),
(157, 'Paul', 'Penhoët', 20, 1),
(158, 'Simone', 'Velasco', 16, 1),
(159, 'Lukas', 'Kubis', 31, 1),
(160, 'Raúl', 'García Pierna', 16, 1),
(161, 'Thibau', 'Nys', 5, 1),
(162, 'Brent', 'Van Moer', 13, 1),
(163, 'Junior', 'Lecerf', 9, 1),
(164, 'Pierre', 'Gautherat', 8, 1),
(165, 'Bryan', 'Coquard', 21, 1),
(166, 'Max', 'Kanter', 16, 1),
(167, 'Rory', 'Townsend', 6, 1),
(168, 'Maxim', 'Van Gils', 13, 1),
(169, 'Milan', 'Fretin', 21, 1),
(170, 'Steffen', 'De Schuyteneer', 13, 1),
(171, 'Marijn', 'van den Berg', 11, 1),
(172, 'Ben', 'Turner', 10, 1),
(173, 'Clément', 'Venturini', 18, 1),
(174, 'Wilco', 'Kelderman', 2, 1),
(175, 'Andreas', 'Leknessund', 15, 1),
(176, 'Tim Torn', 'Teutenberg', 5, 1),
(177, 'Jon', 'Barrenetxea', 17, 1),
(178, 'Edward', 'Dunbar', 12, 1),
(179, 'Roger', 'Adrià', 3, 1),
(180, 'Wout', 'Poels', 14, 1),
(181, 'Victor', 'Campenaerts', 2, 1),
(182, 'David', 'Gaudu', 20, 1),
(183, 'Kasper', 'Asgreen', 9, 1),
(184, 'Andrea', 'Bagioli', 5, 1),
(185, 'Carlos', 'Canal', 17, 1),
(186, 'Fabio', 'Christen', 6, 1),
(187, 'Max', 'Poole', 22, 1),
(188, 'Arne', 'Marit', 13, 1),
(189, 'Mikkel', 'Bjerg', 1, 1),
(190, 'Magnus', 'Cort', 15, 1),
(191, 'Vincenzo', 'Albanese', 18, 1),
(192, 'Lorenzo', 'Milesi', 17, 1),
(193, 'Jenthe', 'Biermans', 18, 1),
(194, 'Phil', 'Bauhaus', 14, 1),
(195, 'Bastien', 'Tronchon', 8, 1),
(196, 'Benoît', 'Cosnefroy', 8, 1),
(197, 'Max', 'Schachmann', 3, 1),
(198, 'Markus', 'Hoelgaard', 15, 1),
(199, 'Xandro', 'Meurisse', 4, 1),
(200, 'Sebastián', 'Molano', 1, 1),
(201, 'Sergio', 'Higuita', 3, 1),
(202, 'Clément', 'Berthet', 8, 1),
(203, 'Marco', 'Frigo', 7, 1),
(204, 'Mauri', 'Vansevenant', 9, 1),
(205, 'Mikkel Frølich', 'Honoré', 11, 1),
(206, 'Ethan', 'Hayter', 10, 1),
(207, 'Michael', 'Valgren', 11, 1),
(208, 'Mathys', 'Rondel', 19, 1),
(209, 'Matteo', 'Malucelli', 28, 1),
(210, 'Hugo', 'Page', 13, 1),
(211, 'Matteo', 'Moschetti', 6, 1),
(212, 'Tom', 'Van Asbroeck', 7, 1),
(213, 'Axel', 'Huens', 19, 1),
(214, 'Quinn', 'Simmons', 5, 1),
(215, 'Sam', 'Watson', 20, 1),
(216, 'Torstein', 'Træen', 15, 1),
(217, 'Mattia', 'Cattaneo', 9, 1),
(218, 'Giovanni', 'Lonardi', 28, 1),
(219, 'Matteo', 'Sobrero', 3, 1),
(220, 'Pascal', 'Ackermann', 7, 1),
(221, 'Matyáš', 'Kopecký', 33, 1),
(222, 'Attila', 'Valter', 2, 1),
(223, 'Louis', 'Barré', 13, 1),
(224, 'Frank', 'van den Broek', 22, 1),
(225, 'Yevgeniy', 'Fedorov', 16, 1),
(226, 'Johannes', 'Kulset', 15, 1),
(227, 'Dries', 'De Bondt', 8, 1),
(228, 'Sam', 'Welsford', 3, 1),
(229, 'Stan', 'Dewulf', 8, 1),
(230, 'Gerben', 'Thijssen', 13, 1),
(231, 'Finn', 'Fisher-Black', 1, 1),
(232, 'Dylan', 'Teuns', 7, 1),
(233, 'Alberto', 'Dainese', 19, 1),
(234, 'Alexandre', 'Delettre', 18, 1),
(235, 'Rick', 'Pluimers', 19, 1),
(236, 'Clément Braz', 'Afonso', 20, 1),
(237, 'Marius', 'Mayrhofer', 19, 1),
(238, 'Dries', 'van Gestel', 18, 1),
(239, 'Anthon', 'Charmig', 16, 1),
(240, 'Igor', 'Arrieta', 1, 1),
(241, 'Thomas', 'Silva', 25, 1),
(242, 'Edoardo', 'Affini', 2, 1),
(243, 'Enrico', 'Zanoncello', 26, 1),
(244, 'Joe', 'Blackmore', 7, 1),
(245, 'Jan', 'Tratnik', 3, 1),
(246, 'Harold Martin', 'López', 16, 1),
(247, 'Oded', 'Kogut', 7, 1),
(248, 'Erlend', 'Blikra', 15, 1),
(249, 'Georg', 'Zimmermann', 13, 1),
(250, 'Georg', 'Steinhauser', 11, 1),
(251, 'Gianmarco', 'Garofoli', 16, 1),
(252, 'Vito', 'Braet', 13, 1),
(253, 'Ivo', 'Oliveira', 1, 1),
(254, 'Natnael', 'Tesfazion', 5, 1),
(255, 'Ewen', 'Costiou', 18, 1),
(256, 'Casper', 'van Uden', 22, 1),
(257, 'Timo', 'Kielich', 4, 1),
(258, 'Fredrik', 'Dversnes', 15, 1),
(259, 'Filippo', 'Baroncini', 1, 1),
(260, 'Amaury', 'Capiot', 18, 1),
(261, 'Bauke', 'Mollema', 5, 1),
(262, 'Clément', 'Russo', 20, 1),
(263, 'Sam', 'Bennett', 8, 1),
(264, 'Quentin', 'Pacher', 20, 1),
(265, 'Fernando', 'Gaviria', 17, 1),
(266, 'Jake', 'Stewart', 7, 1),
(267, 'Arjen', 'Livyns', 13, 1),
(268, 'Remi', 'Cavagna', 17, 1),
(269, 'Warren', 'Barguil', 22, 1),
(270, 'Matevz', 'Govekar', 14, 1),
(271, 'Andreas', 'Kron', 13, 1),
(272, 'Afonso', 'Eulalio', 31, 1),
(273, 'Pau Miquel', 'Delgado', 24, 1),
(274, 'Riley', 'Sheehan', 7, 1),
(275, 'Tobias', 'Foss', 10, 1),
(276, 'Gregor', 'Mühlberger', 17, 1),
(277, 'Stefano', 'Oldani', 21, 1),
(278, 'Jason', 'Tesson', 18, 1),
(279, 'Yves', 'Lampaert', 9, 1),
(280, 'Aaron', 'Gate', 16, 1),
(281, 'Jakob', 'Söderqvist', 5, 1),
(282, 'Chris', 'Harper', 12, 1),
(283, 'Nelson', 'Oliveira', 17, 1),
(284, 'Jordan', 'Labrosse', 8, 1),
(285, 'Dušan', 'Rajović', 14, 1),
(286, 'Mathieu', 'Burgaudeau', 18, 1),
(287, 'Anders Halland', 'Johannessen', 15, 1),
(288, 'Lukas', 'Nerurkar', 11, 1),
(289, 'Laurens', 'De Plus', 10, 1),
(290, 'Davide', 'Formolo', 17, 1),
(291, 'Jensen', 'Plowright', 4, 1),
(292, 'Nils', 'Eekhoff', 22, 1),
(293, 'Arvid', 'de Kleijn', 19, 1),
(294, 'Maikel', 'Zijlaard', 19, 1),
(295, 'Thibaud', 'Gruel', 20, 1),
(296, 'Paul', 'Double', 28, 1),
(297, 'Rudy', 'Molard', 20, 1),
(298, 'Jørgen', 'Nordhagen', 2, 1),
(299, 'Mark', 'Donovan', 6, 1),
(300, 'Rasmus Søjberg', 'Pedersen', 8, 1),
(301, 'Dylan', 'van Baarle', 2, 1),
(302, 'Matis', 'Louvel', 18, 1),
(303, 'Anders', 'Foldager', 12, 1),
(304, 'Archie', 'Ryan', 11, 1),
(305, 'Lionel', 'Taminiaux', 13, 1),
(306, 'Julien', 'Bernard', 5, 1),
(307, 'Stian', 'Fredheim', 15, 1),
(308, 'Fernando', 'Barceló', 25, 1),
(309, 'Manuel', 'Peñalver', 28, 1),
(310, 'Francesco', 'Busatto', 13, 1),
(311, 'Robert', 'Donaldson', 12, 1),
(312, 'Casper', 'Pedersen', 9, 1),
(313, 'Albert Withen', 'Philipsen', 5, 1),
(314, 'Yannis', 'Voisard', 19, 1),
(315, 'Edward', 'Theuns', 5, 1),
(316, 'Jefferson', 'Cepeda', 25, 1),
(317, 'Marco', 'Haller', 3, 1),
(318, 'Pier-André', 'Côté', 7, 1),
(319, 'Huub', 'Artz', 13, 1),
(320, 'Eduard', 'Prades', 25, 1),
(321, 'Simon', 'Dehairs', 4, 1),
(322, 'Jonas', 'Rutsch', 11, 1),
(323, 'George', 'Bennett', 7, 1),
(324, 'Rui', 'Oliveira', 1, 1),
(325, 'José Félix', 'Parra', 24, 1),
(326, 'Urko', 'Berrade', 24, 1),
(327, 'Jack', 'Haig', 14, 1),
(328, 'Benjamin', 'Thomas', 21, 1),
(329, 'Edward', 'Planckaert', 4, 1),
(330, 'Patrick', 'Konrad', 5, 1),
(331, 'Žak', 'Eržen', 14, 1),
(332, 'Iúri', 'Leitão', 25, 1),
(333, 'Mattéo', 'Vercher', 18, 1),
(334, 'Niklas', 'Larsen', 15, 1),
(335, 'Giovanni', 'Aleotti', 3, 1),
(336, 'Marcel', 'Camprubí', 6, 1),
(337, 'Søren Kragh', 'Andersen', 4, 1),
(338, 'Alessandro', 'Pinarello', 26, 1),
(339, 'Brieuc', 'Rolland', 20, 1),
(340, 'Abel', 'Balderstone', 25, 1),
(341, 'Nairo', 'Quintana', 17, 1),
(342, 'Tord', 'Gudmestad', 15, 1),
(343, 'Sylvain', 'Moniquet', 13, 1),
(344, 'Carlos', 'Verona', 5, 1),
(345, 'Felix', 'Engelhardt', 12, 1),
(346, 'Alexey', 'Lutsenko', 1, 1),
(347, 'Juan Pedro', 'López', 5, 1),
(348, 'Léo', 'Bisiaux', 8, 1),
(349, 'Davide', 'De Pretto', 12, 1),
(350, 'Victor', 'Langellotti', 3, 1),
(351, 'Lorenzo', 'Rota', 13, 1),
(352, 'Alessandro', 'Covi', 1, 1),
(353, 'Rémy', 'Rochas', 20, 1),
(354, 'Marco', 'Brenner', 19, 1),
(355, 'Kevin', 'Geniets', 20, 1),
(356, 'Jules', 'Hesters', 23, 1),
(357, 'Nico', 'Denz', 3, 1),
(358, 'Thibault', 'Guernalec', 18, 1),
(359, 'Kelland', 'O\'Brien', 12, 1),
(360, 'Henok', 'Mulubrhan', 16, 1),
(361, 'Erik', 'Resell', 15, 1),
(362, 'Nicola', 'Conci', 4, 1),
(363, 'Steff', 'Cras', 18, 1),
(364, 'Sakarias Koller', 'Løland', 15, 1),
(365, 'Gleb', 'Syritsa', 16, 1),
(366, 'Emanuel', 'Buchmann', 3, 1),
(367, 'Eric', 'Fagúndez', 32, 1),
(368, 'Haimar', 'Etxeberria', 24, 1),
(369, 'Michael', 'Leonard', 10, 1),
(370, 'Riley', 'Pickrell', 7, 1),
(371, 'Emiel', 'Verstrynge', 4, 1),
(372, 'John', 'Degenkolb', 22, 1),
(373, 'Harry', 'Sweeny', 11, 1),
(374, 'Stephen', 'Williams', 7, 1),
(375, 'Brady', 'Gilmore', 7, 1),
(376, 'Itamar', 'Einhorn', 7, 1),
(377, 'Sander', 'De Pestel', 8, 1),
(378, 'Pascal', 'Eenkhoorn', 13, 1),
(379, 'Diego', 'Pescador', 17, 1),
(380, 'Florian', 'Sénéchal', 18, 1),
(381, 'Bart', 'Lemmen', 2, 1),
(382, 'Nicolò', 'Parisini', 6, 1),
(383, 'Emils', 'Liepiņš', 22, 1),
(384, 'David', 'González', 25, 1),
(385, 'Filippo', 'Magli', 26, 1),
(386, 'Cédric', 'Beullens', 13, 1),
(387, 'Alex', 'Molenaar', 11, 1),
(388, 'Jose Manuel', 'Diaz', 32, 1),
(389, 'Sam', 'Oomen', 5, 1),
(390, 'Alan', 'Hatherly', 11, 1),
(391, 'Lennard', 'Kämna', 3, 1),
(392, 'Florian', 'Stork', 19, 1),
(393, 'Filippo', 'Fiorelli', 26, 1),
(394, 'Fabio', 'Jakobsen', 22, 1),
(395, 'Victor', 'Lafay', 20, 1),
(396, 'AJ', 'August', 10, 1),
(397, 'Simone', 'Consonni', 5, 1),
(398, 'Lawrence', 'Warbasse', 19, 1),
(399, 'William', 'Barta', 17, 1),
(400, 'Jesus', 'Herrada', 21, 1),
(401, 'Elmar', 'Reinders', 12, 1),
(402, 'Alex', 'Kirsch', 5, 1),
(403, 'Jan', 'Hirt', 9, 1),
(404, 'Marc', 'Brustenga', 24, 1),
(405, 'Damien', 'Howson', 6, 1),
(406, 'David', 'de la Cruz', 6, 1),
(407, 'Brandon', 'Rivera', 10, 1),
(408, 'Ryan', 'Mullen', 3, 1),
(409, 'Ludovico', 'Crescioli', 28, 1),
(410, 'Ben', 'Swift', 10, 1),
(411, 'Florian', 'Dauphin', 18, 1),
(412, 'Luca', 'Van Boven', 13, 1),
(413, 'Odd Christian', 'Eiking', 15, 1),
(414, 'Embret', 'Svestad-Bårdseng', 18, 1),
(415, 'Rune', 'Herregodts', 13, 1),
(416, 'Mirco', 'Maestri', 28, 1),
(417, 'Michal', 'Kwiatkowski', 10, 1),
(418, 'Artem', 'Shmidt', 10, 1),
(419, 'Hartthijs', 'de Vries', 19, 1),
(420, 'Robin', 'Froidevaux', 19, 1),
(421, 'Johan', 'Jacobs', 17, 1),
(422, 'Iván', 'Cobo', 24, 1),
(423, 'Mathis', 'Le Berre', 18, 1),
(424, 'Callum', 'Scotson', 12, 1),
(425, 'Thomas', 'Gachignard', 18, 1),
(426, 'Johan', 'Price-Pejtersen', 1, 1),
(427, 'Xabier', 'Azparren', 6, 1),
(428, 'Niklas', 'Märkl', 22, 1),
(429, 'Tom', 'Crabbe', 23, 1),
(430, 'Piet', 'Allegaert', 21, 1),
(431, 'Gotzon', 'Martín', 21, 1),
(432, 'Carl-Frederik', 'Bévort', 15, 1),
(433, 'Arthur', 'Kluckers', 19, 1),
(434, 'Milan', 'Vader', 2, 1),
(435, 'Joris', 'Delbove', 18, 1),
(436, 'Ådne', 'Holter', 15, 1),
(437, 'Krists', 'Neilands', 7, 1),
(438, 'Hugo', 'Houle', 7, 1),
(439, 'Alexander', 'Cepeda', 11, 1),
(440, 'Gonzalo', 'Serrano', 17, 1),
(441, 'Joel', 'Nicolau', 25, 1),
(442, 'Jonathan', 'Lastra', 21, 1),
(443, 'Tao', 'Geoghegan Hart', 5, 1),
(444, 'Martin', 'Marcellusi', 26, 1),
(445, 'Gal', 'Glivar', 1, 1),
(446, 'Johannes', 'Staune-Mittet', 2, 1),
(447, 'Lander', 'Loockx', 19, 1),
(448, 'Xabier', 'Berasategi', 21, 1),
(449, 'Connor', 'Swift', 10, 1),
(450, 'Jaume', 'Guardeño', 25, 1),
(451, 'Tijmen', 'Graat', 2, 1),
(452, 'Unai', 'Iribar', 24, 1),
(453, 'Luka', 'Mezgec', 12, 1),
(454, 'Cyril', 'Barthe', 20, 1),
(455, 'Kim', 'Heiduk', 10, 1),
(456, 'Henri', 'Uhlig', 4, 1),
(457, 'Simone', 'Gualdi', 13, 1),
(458, 'Fabio', 'Van den Bossche', 4, 1),
(459, 'Bert', 'Van Lerberghe', 9, 1),
(460, 'Jonas', 'Rickaert', 4, 1),
(461, 'Ivan', 'Sosa', 17, 1),
(462, 'Markel', 'Beloki', 11, 1),
(463, 'Finlay', 'Pickering', 14, 1),
(464, 'Pau', 'Martí', 7, 1),
(465, 'Nick', 'Schultz', 7, 1),
(466, 'Louis', 'Vervaeke', 9, 1),
(467, 'Bjorn', 'Koerdt', 22, 1),
(468, 'Bob', 'Jungels', 3, 1),
(469, 'Chris', 'Hamilton', 22, 1),
(470, 'Ben', 'Zwiehoff', 3, 1),
(471, 'Frederik', 'Wandahl', 3, 1),
(472, 'Michiel', 'Lambrecht', 23, 1),
(473, 'Lorenzo', 'Germani', 20, 1),
(474, 'Ibon', 'Ruiz', 24, 1),
(475, 'Merhawi', 'Kudus', 31, 1),
(476, 'Guillaume', 'Boivin', 7, 1),
(477, 'Max', 'Walker', 11, 1),
(478, 'Noa', 'Isidore', 8, 1),
(479, 'Vincent', 'Van Hemelen', 23, 1),
(480, 'Alexander', 'Kamp', 19, 1),
(481, 'Jarno', 'Widar', 13, 1),
(482, 'Julius', 'Johansen', 13, 1),
(483, 'Maxime', 'Decomble', 20, 1),
(484, 'Alessandro', 'Verre', 18, 1),
(485, 'Antoine', 'L\'Hote', 8, 1),
(486, 'Lorenzo', 'Quartucci', 28, 1),
(487, 'Damien', 'Touzé', 8, 1),
(488, 'César', 'Macías', 32, 1),
(489, 'Mattia', 'Bais', 28, 1),
(490, 'Nicolas', 'Breuillard', 18, 1),
(491, 'Sergi', 'Darder', 25, 1),
(492, 'Davide', 'Persico', 13, 1),
(493, 'Callum', 'Thornley', 10, 1),
(494, 'Matys', 'Grisel', 13, 1),
(495, 'Filippo', 'Turconi', 26, 1),
(496, 'Adrien', 'Boichis', 3, 1),
(497, 'Sam', 'Maisonobe', 20, 1),
(498, 'Samuele', 'Battistella', 11, 1),
(499, 'Luca', 'Vergallito', 4, 1),
(500, 'Nicolas', 'Vinokurov', 16, 1),
(501, 'Jelte', 'Krijnsen', 12, 1),
(502, 'Alessandro', 'Fancellu', 28, 1),
(503, 'Jasha', 'Sütterlin', 14, 1),
(504, 'Sergio', 'Chumil', 32, 1),
(505, 'Liam', 'Slock', 13, 1),
(506, 'James', 'Shaw', 11, 1),
(507, 'Sébastien', 'Grignard', 13, 1),
(508, 'Sebastian', 'Berwick', 7, 1),
(509, 'Andrea Raccagni', 'Noviero', 9, 1),
(510, 'Gianluca', 'Pollefliet', 8, 1),
(511, 'Paul', 'Hennequin', 18, 1),
(512, 'Alberto', 'Bruttomesso', 14, 1),
(513, 'Owain', 'Doull', 11, 1),
(514, 'Mathias Sunekær', 'Norsgaard', 17, 1),
(515, 'Pierre', 'Thierry', 18, 1),
(516, 'Gijs', 'Leemreize', 22, 1),
(517, 'Frits', 'Biesterbos', 22, 1),
(518, 'Jon', 'Agirre', 24, 1),
(519, 'Matthias', 'Schwarzbacher', 11, 1),
(520, 'Sergio', 'Samitier', 21, 1),
(521, 'Kamil', 'Małecki', 6, 1),
(522, 'Daniel', 'Skerl', 14, 1),
(523, 'Noah', 'Hobbs', 20, 1),
(524, 'Luca', 'Colnaghi', 26, 1),
(525, 'Sean', 'Flynn', 22, 1),
(526, 'Alessandro', 'Borgo', 26, 1),
(527, 'Darren', 'Rafferty', 11, 1),
(528, 'Frederik', 'Frison', 6, 1),
(529, 'Jasper', 'De Buyst', 13, 1),
(530, 'Dries', 'De Pooter', 13, 1),
(531, 'Joshua', 'Giddings', 13, 1),
(532, 'Kamiel', 'Bonneu', 13, 1),
(533, 'Ander', 'Okamika', 32, 1),
(534, 'Alexander', 'Hajek', 3, 1),
(535, 'Alessandro', 'Romele', 16, 1),
(536, 'Ramses', 'Debruyne', 4, 1),
(537, 'William', 'Blume Levy', 15, 1),
(538, 'Marcin', 'Budziński', 27, 1),
(539, 'Byron', 'Munton', 30, 1),
(540, 'Fabian', 'Lienhard', 20, 1),
(541, 'Pelayo', 'Sanchez', 17, 1),
(542, 'Luca', 'Paletti', 26, 1),
(543, 'Jonas', 'Geens', 4, 1),
(544, 'Adrien', 'Maire', 19, 1),
(545, 'Thomas', 'Gloag', 2, 1),
(546, 'Harm', 'Vanhoucke', 13, 1),
(547, 'Ward', 'Vanhoof', 23, 1),
(548, 'Jakub', 'Otruba', 21, 1),
(549, 'Daniel', 'Cavia', 32, 1),
(550, 'Simon', 'Carr', 11, 1),
(551, 'Samuel', 'Leroux', 18, 1),
(552, 'Emmanuel', 'Houcou', 18, 1),
(553, 'Alexandre', 'Mayer', 18, 1),
(554, 'Leander', 'Van Hautegem', 23, 1),
(555, 'Fausto', 'Masnada', 28, 1),
(556, 'Gorka', 'Sorarrain', 25, 1),
(557, 'Nikias', 'Arndt', 14, 1),
(558, 'Stefan', 'de Bod', 11, 1),
(559, 'Jelle', 'Johannink', 19, 1),
(560, 'Luca', 'Covili', 26, 1),
(561, 'Nicolò', 'Buratti', 14, 1),
(562, 'Jan', 'Castellon', 25, 1),
(563, 'Louis', 'Rouland', 18, 1),
(564, 'Pepijn', 'Reinderink', 9, 1),
(565, 'Colby', 'Simmons', 2, 1),
(566, 'Jacopo', 'Mosca', 5, 1),
(567, 'Sven Erik', 'Bystrøm', 20, 1),
(568, 'Sente', 'Sentjens', 4, 1),
(569, 'Oliver', 'Knight', 21, 1),
(570, 'Floris', 'Van Tricht', 7, 1),
(571, 'Reuben', 'Thompson', 20, 1),
(572, 'Lorrenzo', 'Manzin', 18, 1),
(573, 'Simon', 'Clarke', 7, 1),
(574, 'Matteo', 'Milan', 5, 1),
(575, 'Mikel', 'Bizkarra', 21, 1),
(576, 'Jakob', 'Omrzel', 14, 1),
(577, 'Karsten', 'Feldmann', 22, 1),
(578, 'Joren', 'Bloem', 22, 1),
(579, 'Rainer', 'Kepplinger', 14, 1),
(580, 'Emil', 'Herzog', 3, 1),
(581, 'Anders', 'Skaarseth', 15, 1),
(582, 'Georgios', 'Boúglas', 32, 1),
(583, 'Clément', 'Izquierdo', 8, 1),
(584, 'Hannes', 'Wilksch', 19, 1),
(585, 'Toon', 'Aerts', 13, 1),
(586, 'Martin', 'Tjøtta', 18, 1),
(587, 'Tom', 'Donnenwirth', 20, 1),
(588, 'Jamie', 'Meehan', 6, 1),
(589, 'Vlad', 'Van Mechelen', 14, 1),
(590, 'Jardi', 'van der Lee', 11, 1),
(591, 'Ben', 'Granger', 31, 1),
(592, 'Jonathan', 'Vervenne', 9, 1),
(593, 'Joan', 'Bou', 25, 1),
(594, 'Lorenzo', 'Conforti', 26, 1),
(595, 'Walter', 'Calzoni', 6, 1),
(596, 'Lewis', 'Bower', 20, 1),
(597, 'Wessel', 'Mouris', 19, 1),
(598, 'Kamil', 'Gradek', 14, 1),
(599, 'Fabian', 'Weiss', 19, 1),
(600, 'Clément', 'Alleno', 32, 1),
(601, 'Pablo', 'Torres', 1, 1),
(602, 'Mathieu', 'Kockelmann', 13, 1),
(603, 'Jordi', 'Lopez', 24, 1),
(604, 'Txomin', 'Juaristi', 21, 1),
(605, 'Diego', 'Sevilla', 28, 1),
(606, 'Alex', 'Tolio', 26, 1),
(607, 'Peter', 'Øxenberg', 10, 1),
(608, 'Nickolas', 'Zukowsky', 6, 1),
(609, 'Axel', 'van der Tuuk', 17, 1),
(610, 'Robert', 'Stannard', 14, 1),
(611, 'Tilen', 'Finkšt', 31, 1),
(612, 'Óscar', 'Rodríguez', 10, 1),
(613, 'Abram', 'Stockman', 19, 1),
(614, 'Tomáš', 'Kopecký', 19, 1),
(615, 'Enzo', 'Paleni', 20, 1),
(616, 'Jorge', 'Gutiérrez', 24, 1),
(617, 'Javier', 'Serrano', 28, 1),
(618, 'Sjoerd', 'Bax', 1, 1),
(619, 'Sean', 'Quinn', 11, 1),
(620, 'Francisco', 'Peñuela', 25, 1),
(621, 'Davide', 'Bais', 28, 1),
(622, 'Davide', 'Toneatti', 16, 1),
(623, 'Adria', 'Perìcas', 1, 1),
(624, 'Fernando', 'Tercero', 28, 1),
(625, 'Marco', 'Schrettl', 16, 1),
(626, 'Rayan', 'Boulahoite', 18, 1),
(627, 'Steven', 'Kruijswijk', 2, 1),
(628, 'Santiago', 'Umba', 16, 1),
(629, 'Fabien', 'Doubey', 18, 1),
(630, 'Attilio', 'Viviani', 26, 1),
(631, 'Milan', 'Lanhove', 23, 1),
(632, 'Thomas', 'Pesenti', 28, 1),
(633, 'Sergio', 'Meris', 28, 1),
(634, 'Henrik', 'Pedersen', 15, 1),
(635, 'Lars', 'Craps', 23, 1),
(636, 'Mario', 'Aparicio', 32, 1),
(637, 'Juan', 'Martinez', 22, 1),
(638, 'Tyler', 'Stites', 30, 1),
(639, 'Sebastian Kolze', 'Changizi', 19, 1),
(640, 'Niklas', 'Behrens', 2, 1),
(641, 'Matteo', 'Fabbro', 28, 1),
(642, 'Dion', 'Smith', 13, 1),
(643, 'James', 'Knox', 9, 1),
(644, 'Anton', 'Schiffer', 2, 1),
(645, 'Hugo', 'de la Calle', 32, 1),
(646, 'Timo', 'de Jong', 22, 1),
(647, 'Cedrik Bakke', 'Christophersen', 15, 1),
(648, 'Asbjørn', 'Hellemose', 17, 1),
(649, 'Koen', 'Bouwman', 2, 1),
(650, 'Matthew', 'Dinham', 22, 1),
(651, 'Victor', 'Vercouillie', 23, 1),
(652, 'Samuel', 'Fernández', 25, 1),
(653, 'Mattia', 'Pinazzi', 26, 1),
(654, 'Elias', 'Maris', 23, 1),
(655, 'Martijn', 'Rasenberg', 22, 1),
(656, 'Samuele', 'Zoccarato', 26, 1),
(657, 'Mikel', 'Retegi', 24, 1),
(658, 'Amanuel', 'Ghebreigzabhier', 5, 1),
(659, 'Killian', 'Verschuren', 18, 1),
(660, 'Robin', 'Donzé', 19, 1),
(661, 'Jannis', 'Peter', 13, 1),
(662, 'Lev', 'Gonov', 16, 1),
(663, 'Rodrigo', 'Álvarez', 32, 1),
(664, 'Valerio', 'Conti', 21, 1),
(665, 'Alessandro', 'Tonelli', 26, 1),
(666, 'Alan', 'Jousseaume', 18, 1),
(667, 'Taco', 'van der Hoorn', 13, 1),
(668, 'Mats', 'Wenzel', 5, 1),
(669, 'Brem', 'Deman', 23, 1),
(670, 'Alexandre', 'Balmer', 21, 1),
(671, 'Matteo', 'Badilatti', 6, 1),
(672, 'Dillon', 'Corkery', 22, 1),
(673, 'Gil', 'Gelders', 9, 1),
(674, 'Michael', 'Gogl', 4, 1),
(675, 'Dylan', 'Vandenstorme', 23, 1),
(676, 'Thomas', 'Bonnet', 18, 1),
(677, 'Tobias', 'Bayer', 4, 1),
(678, 'Martin', 'Svrček', 9, 1),
(679, 'Dario', 'Belletta', 2, 1),
(680, 'Yaël', 'Joalland', 13, 1),
(681, 'Bram', 'Welten', 22, 1),
(682, 'Joseba', 'López', 25, 1),
(683, 'Valentin', 'Ferron', 18, 1),
(684, 'Roel', 'van Sintmaartensdijk', 13, 1),
(685, 'Michel', 'Heßmann', 2, 1),
(686, 'Mathijs', 'Paasschens', 14, 1),
(687, 'Ronan', 'Augé', 20, 1),
(688, 'Senna', 'Remijn', 4, 1),
(689, 'Antonio Jesús', 'Soto', 24, 1),
(690, 'Iker', 'Mintegi', 21, 1),
(691, 'Petr', 'Kelemen', 19, 1),
(692, 'Henri-Francois', 'Haquin', 18, 1),
(693, 'Tobias', 'Müller', 22, 1),
(694, 'Edoardo', 'Zamperini', 18, 1),
(695, 'Márton', 'Dina', 18, 1),
(696, 'Nadav', 'Raisberg', 7, 1),
(697, 'Luke', 'Durbridge', 12, 1),
(698, 'Andrea', 'Pietrobon', 28, 1),
(699, 'Adam', 'Ťoupalík', 19, 1),
(700, 'Joel', 'Suter', 6, 1),
(701, 'Valentin', 'Retailleau', 8, 1),
(702, 'Yukiya', 'Arashiro', 14, 1),
(703, 'Julius', 'van den Berg', 22, 1),
(704, 'Alexys', 'Brunel', 18, 1),
(705, 'Paul', 'Ourselin', 18, 1),
(706, 'Jan', 'Maas', 12, 1),
(707, 'Pavel', 'Novak', 1, 1),
(708, 'Alessio', 'Martinelli', 26, 1),
(709, 'Carlos', 'García Pierna', 18, 1),
(710, 'Jambaljamts', 'Sainbayar', 16, 1),
(711, 'Owen', 'Geleijn', 19, 1),
(712, 'Aivaras', 'Mikutis', 19, 1),
(713, 'Germán Darío', 'Gómez', 28, 1),
(714, 'Lindsay', 'De Vylder', 4, 1),
(715, 'Francisco', 'Muñoz', 28, 1),
(716, 'Menno', 'Huising', 2, 1),
(717, 'Mattia', 'Gaffuri', 18, 1),
(718, 'Warre', 'Vangheluwe', 9, 1),
(719, 'Michele', 'Gazzoli', 16, 1),
(720, 'Ben', 'Oliver', 30, 1),
(721, 'Lucas', 'Hamilton', 12, 1),
(722, 'Silvan', 'Dillier', 4, 1),
(723, 'Otto', 'Vergaerde', 5, 1),
(724, 'Andrea', 'Mifsud', 18, 1),
(725, 'Matthew', 'Fox', 13, 1),
(726, 'José Luis', 'Faura', 32, 1);

-- --------------------------------------------------------

--
-- Tabelstructuur voor tabel `DraftTurns`
--

DROP TABLE IF EXISTS `DraftTurns`;
CREATE TABLE IF NOT EXISTS `DraftTurns` (
  `Id` int(11) NOT NULL AUTO_INCREMENT,
  `RaceId` int(11) NOT NULL,
  `TurnNumber` int(11) NOT NULL,
  `PlayerId` int(11) NOT NULL,
  `CyclistId` int(11) DEFAULT NULL,
  PRIMARY KEY (`Id`),
  UNIQUE KEY `IX_DraftTurns_RaceId_TurnNumber` (`RaceId`,`TurnNumber`),
  KEY `IX_DraftTurns_CyclistId` (`CyclistId`),
  KEY `IX_DraftTurns_PlayerId` (`PlayerId`)
) ENGINE=InnoDB AUTO_INCREMENT=136 DEFAULT CHARSET=utf8mb4 COLLATE=utf8mb4_general_ci;

--
-- Gegevens worden geëxporteerd voor tabel `DraftTurns`
--

INSERT INTO `DraftTurns` (`Id`, `RaceId`, `TurnNumber`, `PlayerId`, `CyclistId`) VALUES
(61, 2, 1, 2, NULL),
(62, 2, 2, 3, NULL),
(63, 2, 3, 3, NULL),
(64, 2, 4, 2, NULL),
(65, 2, 5, 3, NULL),
(66, 2, 6, 2, NULL),
(67, 2, 7, 2, NULL),
(68, 2, 8, 3, NULL),
(69, 2, 9, 2, NULL),
(70, 2, 10, 3, NULL),
(71, 2, 11, 3, NULL),
(72, 2, 12, 2, NULL),
(73, 2, 13, 3, NULL),
(74, 2, 14, 2, NULL),
(75, 2, 15, 2, NULL),
(76, 2, 16, 3, NULL),
(77, 2, 17, 2, NULL),
(78, 2, 18, 3, NULL),
(79, 2, 19, 3, NULL),
(80, 2, 20, 2, NULL),
(81, 2, 21, 3, NULL),
(82, 2, 22, 2, NULL),
(83, 2, 23, 2, NULL),
(84, 2, 24, 3, NULL),
(85, 2, 25, 2, NULL),
(86, 2, 26, 3, NULL),
(87, 2, 27, 3, NULL),
(88, 2, 28, 2, NULL),
(89, 2, 29, 3, NULL),
(90, 2, 30, 2, NULL),
(91, 1, 1, 1, 544),
(92, 1, 2, 2, 436),
(93, 1, 3, 3, 666),
(94, 1, 4, 3, 390),
(95, 1, 5, 2, 396),
(96, 1, 6, 1, 86),
(97, 1, 7, 2, 233),
(98, 1, 8, 3, 73),
(99, 1, 9, 1, NULL),
(100, 1, 10, 1, NULL),
(101, 1, 11, 3, NULL),
(102, 1, 12, 2, NULL),
(103, 1, 13, 3, NULL),
(104, 1, 14, 1, NULL),
(105, 1, 15, 2, NULL),
(106, 1, 16, 2, NULL),
(107, 1, 17, 1, NULL),
(108, 1, 18, 3, NULL),
(109, 1, 19, 1, NULL),
(110, 1, 20, 2, NULL),
(111, 1, 21, 3, NULL),
(112, 1, 22, 3, NULL),
(113, 1, 23, 2, NULL),
(114, 1, 24, 1, NULL),
(115, 1, 25, 2, NULL),
(116, 1, 26, 3, NULL),
(117, 1, 27, 1, NULL),
(118, 1, 28, 1, NULL),
(119, 1, 29, 3, NULL),
(120, 1, 30, 2, NULL),
(121, 1, 31, 3, NULL),
(122, 1, 32, 1, NULL),
(123, 1, 33, 2, NULL),
(124, 1, 34, 2, NULL),
(125, 1, 35, 1, NULL),
(126, 1, 36, 3, NULL),
(127, 1, 37, 1, NULL),
(128, 1, 38, 2, NULL),
(129, 1, 39, 3, NULL),
(130, 1, 40, 3, NULL),
(131, 1, 41, 2, NULL),
(132, 1, 42, 1, NULL),
(133, 1, 43, 2, NULL),
(134, 1, 44, 3, NULL),
(135, 1, 45, 1, NULL);

-- --------------------------------------------------------

--
-- Tabelstructuur voor tabel `Jerseys`
--

DROP TABLE IF EXISTS `Jerseys`;
CREATE TABLE IF NOT EXISTS `Jerseys` (
  `Id` int(11) NOT NULL AUTO_INCREMENT,
  `StageId` int(11) NOT NULL,
  `CyclistId` int(11) NOT NULL,
  `Type` longtext NOT NULL,
  PRIMARY KEY (`Id`),
  KEY `IX_Jerseys_CyclistId` (`CyclistId`),
  KEY `IX_Jerseys_StageId` (`StageId`)
) ENGINE=InnoDB DEFAULT CHARSET=utf8mb4 COLLATE=utf8mb4_general_ci;

-- --------------------------------------------------------

--
-- Tabelstructuur voor tabel `PlayerPoints`
--

DROP TABLE IF EXISTS `PlayerPoints`;
CREATE TABLE IF NOT EXISTS `PlayerPoints` (
  `Id` int(11) NOT NULL AUTO_INCREMENT,
  `PlayerId` int(11) NOT NULL,
  `RaceId` int(11) NOT NULL,
  `StageId` int(11) DEFAULT NULL,
  `CyclistId` int(11) NOT NULL,
  `Points` int(11) NOT NULL,
  `Reason` longtext NOT NULL,
  PRIMARY KEY (`Id`),
  KEY `IX_PlayerPoints_CyclistId` (`CyclistId`),
  KEY `IX_PlayerPoints_PlayerId` (`PlayerId`),
  KEY `IX_PlayerPoints_RaceId` (`RaceId`),
  KEY `IX_PlayerPoints_StageId` (`StageId`)
) ENGINE=InnoDB DEFAULT CHARSET=utf8mb4 COLLATE=utf8mb4_general_ci;

-- --------------------------------------------------------

--
-- Tabelstructuur voor tabel `Players`
--

DROP TABLE IF EXISTS `Players`;
CREATE TABLE IF NOT EXISTS `Players` (
  `Id` int(11) NOT NULL AUTO_INCREMENT,
  `Name` longtext NOT NULL,
  `PositionInDraft` int(11) NOT NULL,
  `TotalPoints` int(11) NOT NULL,
  PRIMARY KEY (`Id`)
) ENGINE=InnoDB AUTO_INCREMENT=5 DEFAULT CHARSET=utf8mb4 COLLATE=utf8mb4_general_ci;

--
-- Gegevens worden geëxporteerd voor tabel `Players`
--

INSERT INTO `Players` (`Id`, `Name`, `PositionInDraft`, `TotalPoints`) VALUES
(1, 'Dries', 1, 0),
(2, 'Roel', 2, 0),
(3, 'Casper', 3, 0),
(4, 'Jonas', 4, 0);

-- --------------------------------------------------------

--
-- Tabelstructuur voor tabel `PlayerSelections`
--

DROP TABLE IF EXISTS `PlayerSelections`;
CREATE TABLE IF NOT EXISTS `PlayerSelections` (
  `Id` int(11) NOT NULL AUTO_INCREMENT,
  `PlayerId` int(11) NOT NULL,
  `RaceId` int(11) NOT NULL,
  `CyclistId` int(11) NOT NULL,
  `IsActive` tinyint(1) NOT NULL,
  PRIMARY KEY (`Id`),
  UNIQUE KEY `IX_PlayerSelections_PlayerId_RaceId_CyclistId` (`PlayerId`,`RaceId`,`CyclistId`),
  KEY `IX_PlayerSelections_CyclistId` (`CyclistId`),
  KEY `IX_PlayerSelections_RaceId` (`RaceId`)
) ENGINE=InnoDB AUTO_INCREMENT=9 DEFAULT CHARSET=utf8mb4 COLLATE=utf8mb4_general_ci;

--
-- Gegevens worden geëxporteerd voor tabel `PlayerSelections`
--

INSERT INTO `PlayerSelections` (`Id`, `PlayerId`, `RaceId`, `CyclistId`, `IsActive`) VALUES
(1, 1, 1, 544, 1),
(2, 2, 1, 436, 1),
(3, 3, 1, 666, 1),
(4, 3, 1, 390, 1),
(5, 2, 1, 396, 1),
(6, 1, 1, 86, 1),
(7, 2, 1, 233, 1),
(8, 3, 1, 73, 1);

-- --------------------------------------------------------

--
-- Tabelstructuur voor tabel `PointsRules`
--

DROP TABLE IF EXISTS `PointsRules`;
CREATE TABLE IF NOT EXISTS `PointsRules` (
  `Id` int(11) NOT NULL AUTO_INCREMENT,
  `Type` varchar(50) NOT NULL,
  `FromPosition` int(11) DEFAULT NULL,
  `ToPosition` int(11) DEFAULT NULL,
  `Points` int(11) NOT NULL,
  PRIMARY KEY (`Id`)
) ENGINE=InnoDB AUTO_INCREMENT=30 DEFAULT CHARSET=utf8mb4 COLLATE=utf8mb4_general_ci;

--
-- Gegevens worden geëxporteerd voor tabel `PointsRules`
--

INSERT INTO `PointsRules` (`Id`, `Type`, `FromPosition`, `ToPosition`, `Points`) VALUES
(1, 'Rit', 1, 1, 100),
(2, 'Rit', 2, 2, 80),
(3, 'Rit', 3, 3, 65),
(4, 'Rit', 4, 4, 55),
(5, 'Rit', 5, 5, 45),
(6, 'Rit', 6, 6, 35),
(7, 'Rit', 7, 7, 30),
(8, 'Rit', 8, 8, 25),
(9, 'Rit', 9, 9, 20),
(10, 'Rit', 10, 10, 17),
(11, 'Rit', 11, 11, 15),
(12, 'Rit', 12, 12, 14),
(13, 'Rit', 13, 13, 13),
(14, 'Rit', 14, 14, 12),
(15, 'Rit', 15, 15, 11),
(16, 'Rit', 16, 16, 10),
(17, 'Rit', 17, 17, 9),
(18, 'Rit', 18, 18, 8),
(19, 'Rit', 19, 19, 7),
(20, 'Rit', 20, 20, 6),
(21, 'Rit', 21, 21, 5),
(22, 'Rit', 22, 22, 4),
(23, 'Rit', 23, 23, 3),
(24, 'Rit', 24, 24, 2),
(25, 'Rit', 25, 25, 1),
(26, 'RodeTrui', 1, 1, 10),
(27, 'GroeneTrui', 1, 1, 10),
(28, 'BlauweTrui', 1, 1, 10),
(29, 'WitteTrui', 1, 1, 10);

-- --------------------------------------------------------

--
-- Tabelstructuur voor tabel `RaceEntries`
--

DROP TABLE IF EXISTS `RaceEntries`;
CREATE TABLE IF NOT EXISTS `RaceEntries` (
  `Id` int(11) NOT NULL AUTO_INCREMENT,
  `RaceId` int(11) NOT NULL,
  `CyclistId` int(11) NOT NULL,
  `TeamId` int(11) DEFAULT NULL,
  `Status` longtext NOT NULL,
  PRIMARY KEY (`Id`),
  UNIQUE KEY `IX_RaceEntries_RaceId_CyclistId` (`RaceId`,`CyclistId`),
  KEY `IX_RaceEntries_CyclistId` (`CyclistId`),
  KEY `IX_RaceEntries_TeamId` (`TeamId`)
) ENGINE=InnoDB AUTO_INCREMENT=318 DEFAULT CHARSET=utf8mb4 COLLATE=utf8mb4_general_ci;

--
-- Gegevens worden geëxporteerd voor tabel `RaceEntries`
--

INSERT INTO `RaceEntries` (`Id`, `RaceId`, `CyclistId`, `TeamId`, `Status`) VALUES
(1, 1, 2, 2, 'ACTIVE'),
(2, 1, 6, 1, 'ACTIVE'),
(3, 1, 12, 1, 'ACTIVE'),
(4, 1, 16, 8, 'ACTIVE'),
(5, 1, 17, 9, 'ACTIVE'),
(6, 1, 18, 10, 'ACTIVE'),
(7, 1, 20, 1, 'ACTIVE'),
(8, 1, 22, 5, 'ACTIVE'),
(9, 1, 25, 12, 'ACTIVE'),
(10, 1, 29, 8, 'ACTIVE'),
(11, 1, 30, 9, 'ACTIVE'),
(12, 1, 36, 3, 'ACTIVE'),
(13, 1, 39, 11, 'ACTIVE'),
(14, 1, 40, 10, 'ACTIVE'),
(15, 1, 41, 19, 'ACTIVE'),
(16, 1, 42, 3, 'ACTIVE'),
(17, 1, 43, 2, 'ACTIVE'),
(18, 1, 44, 10, 'ACTIVE'),
(19, 1, 49, 14, 'ACTIVE'),
(20, 1, 50, 5, 'ACTIVE'),
(21, 1, 51, 17, 'ACTIVE'),
(22, 1, 55, 1, 'ACTIVE'),
(23, 1, 56, 1, 'ACTIVE'),
(24, 1, 58, 16, 'ACTIVE'),
(25, 1, 63, 9, 'ACTIVE'),
(26, 1, 65, 5, 'ACTIVE'),
(27, 1, 73, 3, 'ACTIVE'),
(28, 1, 74, 1, 'ACTIVE'),
(29, 1, 75, 1, 'ACTIVE'),
(30, 1, 76, 16, 'ACTIVE'),
(31, 1, 79, 17, 'ACTIVE'),
(32, 1, 86, 13, 'ACTIVE'),
(33, 1, 93, 16, 'ACTIVE'),
(34, 1, 104, 7, 'ACTIVE'),
(35, 1, 106, 1, 'ACTIVE'),
(36, 1, 110, 7, 'ACTIVE'),
(37, 1, 111, 1, 'ACTIVE'),
(38, 1, 114, 14, 'ACTIVE'),
(39, 1, 116, 12, 'ACTIVE'),
(40, 1, 117, 12, 'ACTIVE'),
(41, 1, 122, 6, 'ACTIVE'),
(42, 1, 126, 12, 'ACTIVE'),
(43, 1, 136, 4, 'ACTIVE'),
(44, 1, 137, 16, 'ACTIVE'),
(45, 1, 139, 14, 'ACTIVE'),
(46, 1, 140, 8, 'ACTIVE'),
(47, 1, 145, 16, 'ACTIVE'),
(48, 1, 148, 13, 'ACTIVE'),
(49, 1, 150, 3, 'ACTIVE'),
(50, 1, 174, 2, 'ACTIVE'),
(51, 1, 180, 14, 'ACTIVE'),
(52, 1, 181, 2, 'ACTIVE'),
(53, 1, 187, 22, 'ACTIVE'),
(54, 1, 207, 11, 'ACTIVE'),
(55, 1, 208, 19, 'ACTIVE'),
(56, 1, 220, 7, 'ACTIVE'),
(57, 1, 224, 22, 'ACTIVE'),
(58, 1, 226, 15, 'ACTIVE'),
(59, 1, 240, 1, 'ACTIVE'),
(60, 1, 242, 2, 'ACTIVE'),
(61, 1, 246, 16, 'ACTIVE'),
(62, 1, 256, 22, 'ACTIVE'),
(63, 1, 257, 4, 'ACTIVE'),
(64, 1, 270, 14, 'ACTIVE'),
(65, 1, 272, 31, 'ACTIVE'),
(66, 1, 276, 17, 'ACTIVE'),
(67, 1, 283, 17, 'ACTIVE'),
(68, 1, 310, 13, 'ACTIVE'),
(69, 1, 338, 26, 'ACTIVE'),
(70, 1, 342, 15, 'ACTIVE'),
(71, 1, 347, 5, 'ACTIVE'),
(72, 1, 381, 2, 'ACTIVE'),
(73, 1, 390, 11, 'ACTIVE'),
(74, 1, 401, 12, 'ACTIVE'),
(75, 1, 406, 6, 'ACTIVE'),
(76, 1, 416, 28, 'ACTIVE'),
(77, 1, 419, 19, 'ACTIVE'),
(78, 1, 453, 12, 'ACTIVE'),
(79, 1, 457, 13, 'ACTIVE'),
(80, 1, 465, 7, 'ACTIVE'),
(81, 1, 470, 3, 'ACTIVE'),
(82, 1, 471, 3, 'ACTIVE'),
(83, 1, 473, 20, 'ACTIVE'),
(84, 1, 495, 26, 'ACTIVE'),
(85, 1, 498, 11, 'ACTIVE'),
(86, 1, 505, 13, 'ACTIVE'),
(87, 1, 527, 11, 'ACTIVE'),
(88, 1, 581, 15, 'ACTIVE'),
(89, 1, 637, 22, 'ACTIVE'),
(90, 1, 642, 13, 'ACTIVE'),
(91, 1, 643, 9, 'ACTIVE'),
(92, 1, 649, 2, 'ACTIVE'),
(128, 2, 1, 1, 'ACTIVE'),
(129, 2, 2, 2, 'ACTIVE'),
(130, 2, 3, 3, 'ACTIVE'),
(131, 2, 5, 2, 'ACTIVE'),
(132, 2, 7, 1, 'ACTIVE'),
(133, 2, 8, 5, 'ACTIVE'),
(134, 2, 9, 6, 'ACTIVE'),
(135, 2, 10, 4, 'ACTIVE'),
(136, 2, 12, 1, 'ACTIVE'),
(137, 2, 13, 7, 'ACTIVE'),
(138, 2, 14, 1, 'ACTIVE'),
(139, 2, 15, 2, 'ACTIVE'),
(140, 2, 18, 10, 'ACTIVE'),
(141, 2, 19, 5, 'ACTIVE'),
(142, 2, 21, 3, 'ACTIVE'),
(143, 2, 22, 5, 'ACTIVE'),
(144, 2, 23, 3, 'ACTIVE'),
(145, 2, 24, 11, 'ACTIVE'),
(146, 2, 27, 2, 'ACTIVE'),
(147, 2, 28, 13, 'ACTIVE'),
(148, 2, 30, 9, 'ACTIVE'),
(149, 2, 33, 14, 'ACTIVE'),
(150, 2, 34, 15, 'ACTIVE'),
(151, 2, 35, 5, 'ACTIVE'),
(152, 2, 38, 16, 'ACTIVE'),
(153, 2, 40, 10, 'ACTIVE'),
(154, 2, 41, 19, 'ACTIVE'),
(155, 2, 42, 3, 'ACTIVE'),
(156, 2, 43, 2, 'ACTIVE'),
(157, 2, 45, 9, 'ACTIVE'),
(158, 2, 46, 10, 'ACTIVE'),
(159, 2, 47, 14, 'ACTIVE'),
(160, 2, 54, 16, 'ACTIVE'),
(161, 2, 57, 14, 'ACTIVE'),
(162, 2, 60, 19, 'ACTIVE'),
(163, 2, 61, 3, 'ACTIVE'),
(164, 2, 63, 9, 'ACTIVE'),
(165, 2, 69, 20, 'ACTIVE'),
(166, 2, 75, 1, 'ACTIVE'),
(167, 2, 78, 8, 'ACTIVE'),
(168, 2, 79, 17, 'ACTIVE'),
(169, 2, 81, 21, 'ACTIVE'),
(170, 2, 83, 10, 'ACTIVE'),
(171, 2, 84, 18, 'ACTIVE'),
(172, 2, 85, 11, 'ACTIVE'),
(173, 2, 87, 8, 'ACTIVE'),
(174, 2, 95, 14, 'ACTIVE'),
(175, 2, 100, 9, 'ACTIVE'),
(176, 2, 101, 8, 'ACTIVE'),
(177, 2, 102, 12, 'ACTIVE'),
(178, 2, 108, 2, 'ACTIVE'),
(179, 2, 109, 22, 'ACTIVE'),
(180, 2, 113, 5, 'ACTIVE'),
(181, 2, 123, 2, 'ACTIVE'),
(182, 2, 127, 17, 'ACTIVE'),
(183, 2, 129, 12, 'ACTIVE'),
(184, 2, 130, 3, 'ACTIVE'),
(185, 2, 136, 4, 'ACTIVE'),
(186, 2, 169, 21, 'ACTIVE'),
(187, 2, 181, 2, 'ACTIVE'),
(188, 2, 182, 20, 'ACTIVE'),
(189, 2, 183, 9, 'ACTIVE'),
(190, 2, 190, 15, 'ACTIVE'),
(191, 2, 201, 3, 'ACTIVE'),
(192, 2, 210, 13, 'ACTIVE'),
(193, 2, 214, 5, 'ACTIVE'),
(194, 2, 217, 9, 'ACTIVE'),
(195, 2, 220, 7, 'ACTIVE'),
(196, 2, 235, 19, 'ACTIVE'),
(197, 2, 245, 3, 'ACTIVE'),
(198, 2, 269, 22, 'ACTIVE'),
(199, 2, 271, 13, 'ACTIVE'),
(200, 2, 357, 3, 'ACTIVE'),
(201, 2, 366, 3, 'ACTIVE'),
(202, 2, 387, 11, 'ACTIVE'),
(203, 2, 402, 5, 'ACTIVE'),
(204, 2, 417, 10, 'ACTIVE'),
(205, 2, 550, 11, 'ACTIVE'),
(255, 3, 5, 2, 'ACTIVE'),
(256, 3, 6, 1, 'ACTIVE'),
(257, 3, 11, 3, 'ACTIVE'),
(258, 3, 16, 8, 'ACTIVE'),
(259, 3, 19, 5, 'ACTIVE'),
(260, 3, 51, 17, 'ACTIVE'),
(261, 3, 54, 16, 'ACTIVE'),
(262, 3, 62, 8, 'ACTIVE'),
(263, 3, 69, 20, 'ACTIVE'),
(264, 3, 75, 1, 'ACTIVE'),
(265, 3, 79, 17, 'ACTIVE'),
(266, 3, 82, 4, 'ACTIVE'),
(267, 3, 102, 12, 'ACTIVE'),
(268, 3, 118, 2, 'ACTIVE'),
(269, 3, 123, 2, 'ACTIVE'),
(270, 3, 141, 4, 'ACTIVE'),
(271, 3, 145, 16, 'ACTIVE'),
(272, 3, 154, 2, 'ACTIVE'),
(273, 3, 163, 9, 'ACTIVE'),
(274, 3, 165, 21, 'ACTIVE'),
(275, 3, 171, 11, 'ACTIVE'),
(276, 3, 187, 22, 'ACTIVE'),
(277, 3, 190, 15, 'ACTIVE'),
(278, 3, 206, 10, 'ACTIVE'),
(279, 3, 246, 16, 'ACTIVE'),
(280, 3, 248, 15, 'ACTIVE'),
(281, 3, 253, 1, 'ACTIVE'),
(282, 3, 273, 24, 'ACTIVE'),
(283, 3, 298, 2, 'ACTIVE'),
(284, 3, 341, 17, 'ACTIVE'),
(285, 3, 348, 8, 'ACTIVE'),
(286, 3, 360, 16, 'ACTIVE'),
(287, 3, 388, 32, 'ACTIVE'),
(288, 3, 393, 26, 'ACTIVE'),
(289, 3, 400, 21, 'ACTIVE'),
(290, 3, 434, 2, 'ACTIVE'),
(291, 3, 438, 7, 'ACTIVE'),
(292, 3, 451, 2, 'ACTIVE'),
(293, 3, 481, 13, 'ACTIVE'),
(294, 3, 500, 16, 'ACTIVE'),
(295, 3, 514, 17, 'ACTIVE'),
(296, 3, 627, 2, 'ACTIVE'),
(297, 3, 716, 2, 'ACTIVE');

-- --------------------------------------------------------

--
-- Tabelstructuur voor tabel `Races`
--

DROP TABLE IF EXISTS `Races`;
CREATE TABLE IF NOT EXISTS `Races` (
  `Id` int(11) NOT NULL AUTO_INCREMENT,
  `Name` varchar(150) NOT NULL,
  `Year` int(11) NOT NULL,
  `StartDate` datetime(6) DEFAULT NULL,
  `EndDate` datetime(6) DEFAULT NULL,
  PRIMARY KEY (`Id`),
  UNIQUE KEY `IX_Races_Name_Year` (`Name`,`Year`)
) ENGINE=InnoDB AUTO_INCREMENT=4 DEFAULT CHARSET=utf8mb4 COLLATE=utf8mb4_general_ci;

--
-- Gegevens worden geëxporteerd voor tabel `Races`
--

INSERT INTO `Races` (`Id`, `Name`, `Year`, `StartDate`, `EndDate`) VALUES
(1, 'Giro d\'Italia', 2026, '2026-05-08 00:00:00.000000', '2026-05-31 00:00:00.000000'),
(2, 'Tour de France', 2026, '2026-07-04 00:00:00.000000', '2026-07-26 00:00:00.000000'),
(3, 'Vuelta a España', 2026, '2026-08-22 00:00:00.000000', '2026-09-13 00:00:00.000000');

-- --------------------------------------------------------

--
-- Tabelstructuur voor tabel `StageResults`
--

DROP TABLE IF EXISTS `StageResults`;
CREATE TABLE IF NOT EXISTS `StageResults` (
  `Id` int(11) NOT NULL AUTO_INCREMENT,
  `StageId` int(11) NOT NULL,
  `CyclistId` int(11) NOT NULL,
  `Position` int(11) DEFAULT NULL,
  `Status` longtext NOT NULL,
  PRIMARY KEY (`Id`),
  UNIQUE KEY `IX_StageResults_StageId_CyclistId` (`StageId`,`CyclistId`),
  KEY `IX_StageResults_CyclistId` (`CyclistId`)
) ENGINE=InnoDB DEFAULT CHARSET=utf8mb4 COLLATE=utf8mb4_general_ci;

-- --------------------------------------------------------

--
-- Tabelstructuur voor tabel `Stages`
--

DROP TABLE IF EXISTS `Stages`;
CREATE TABLE IF NOT EXISTS `Stages` (
  `Id` int(11) NOT NULL AUTO_INCREMENT,
  `RaceId` int(11) NOT NULL,
  `StageNumber` int(11) NOT NULL,
  `Name` longtext NOT NULL,
  `Date` datetime(6) DEFAULT NULL,
  PRIMARY KEY (`Id`),
  UNIQUE KEY `IX_Stages_RaceId_StageNumber` (`RaceId`,`StageNumber`)
) ENGINE=InnoDB AUTO_INCREMENT=64 DEFAULT CHARSET=utf8mb4 COLLATE=utf8mb4_general_ci;

--
-- Gegevens worden geëxporteerd voor tabel `Stages`
--

INSERT INTO `Stages` (`Id`, `RaceId`, `StageNumber`, `Name`, `Date`) VALUES
(1, 1, 1, 'Nessebar - Burgas', '2026-05-08 00:00:00.000000'),
(2, 1, 2, 'Burgas - Veliko Tarnovo', '2026-05-09 00:00:00.000000'),
(3, 1, 3, 'Plovdiv - Sofia', '2026-05-10 00:00:00.000000'),
(4, 1, 4, 'Catanzaro - Cosenza', '2026-05-12 00:00:00.000000'),
(5, 1, 5, 'Praia a Mare - Potenza', '2026-05-13 00:00:00.000000'),
(6, 1, 6, 'Paestum - Napoli', '2026-05-14 00:00:00.000000'),
(7, 1, 7, 'Formia - Blockhaus', '2026-05-15 00:00:00.000000'),
(8, 1, 8, 'Chieti - Fermo', '2026-05-16 00:00:00.000000'),
(9, 1, 9, 'Cervia - Corno alle Scale', '2026-05-17 00:00:00.000000'),
(10, 1, 10, 'Viareggio - Massa (ITT)', '2026-05-19 00:00:00.000000'),
(11, 1, 11, 'Porcari - Chiavari', '2026-05-20 00:00:00.000000'),
(12, 1, 12, 'Imperia - Novi Ligure', '2026-05-21 00:00:00.000000'),
(13, 1, 13, 'Alessandria - Verbania', '2026-05-22 00:00:00.000000'),
(14, 1, 14, 'Aosta - Pila (Gressan)', '2026-05-23 00:00:00.000000'),
(15, 1, 15, 'Voghera - Milano', '2026-05-24 00:00:00.000000'),
(16, 1, 16, 'Bellinzona - Carì', '2026-05-26 00:00:00.000000'),
(17, 1, 17, 'Cassano d\'Adda - Andalo', '2026-05-27 00:00:00.000000'),
(18, 1, 18, 'Fai della Paganella - Pieve di Soligo', '2026-05-28 00:00:00.000000'),
(19, 1, 19, 'Feltre - Alleghe (Piani di Pezzè)', '2026-05-29 00:00:00.000000'),
(20, 1, 20, 'Gemona del Friuli 1976-2026 - Piancavallo', '2026-05-30 00:00:00.000000'),
(21, 1, 21, 'Roma - Roma', '2026-05-31 00:00:00.000000'),
(22, 2, 1, 'Barcelone - Barcelone', '2026-07-04 00:00:00.000000'),
(23, 2, 2, 'Tarragone - Barcelone', '2026-07-05 00:00:00.000000'),
(24, 2, 3, 'Granollers - Les Angles', '2026-07-06 00:00:00.000000'),
(25, 2, 4, 'Carcassonne - Foix', '2026-07-07 00:00:00.000000'),
(26, 2, 5, 'Lannemezan - Pau', '2026-07-08 00:00:00.000000'),
(27, 2, 6, 'Pau - Gavarnie-Gèdre', '2026-07-09 00:00:00.000000'),
(28, 2, 7, 'Hagetmau - Bordeaux', '2026-07-10 00:00:00.000000'),
(29, 2, 8, 'Périgueux - Bergerac', '2026-07-11 00:00:00.000000'),
(30, 2, 9, 'Malemort - Ussel', '2026-07-12 00:00:00.000000'),
(31, 2, 10, 'Aurillac - Le Lioran', '2026-07-14 00:00:00.000000'),
(32, 2, 11, 'Vichy - Nevers', '2026-07-15 00:00:00.000000'),
(33, 2, 12, 'Nevers - Chalon-sur-Saône', '2026-07-16 00:00:00.000000'),
(34, 2, 13, 'Dole - Belfort', '2026-07-17 00:00:00.000000'),
(35, 2, 14, 'Mulhouse - Le Markstein Fellering', '2026-07-18 00:00:00.000000'),
(36, 2, 15, 'Champagnole - Plateau de Solaison', '2026-07-19 00:00:00.000000'),
(37, 2, 16, 'Évian-les-Bains - Thonon-les-Bains', '2026-07-21 00:00:00.000000'),
(38, 2, 17, 'Chambery - Voiron', '2026-07-22 00:00:00.000000'),
(39, 2, 18, 'Voiron - Orcières-Merlette', '2026-07-23 00:00:00.000000'),
(40, 2, 19, 'Gap - Alpe d\'Huez', '2026-07-24 00:00:00.000000'),
(41, 2, 20, 'Le Bourg d\'Oisans - Alpe d\'Huez', '2026-07-25 00:00:00.000000'),
(42, 2, 21, 'Thoiry - Paris Champs-Élysées', '2026-07-26 00:00:00.000000'),
(43, 3, 1, 'Monaco - Monaco', '2026-08-22 00:00:00.000000'),
(44, 3, 2, 'Monaco - Manosque', '2026-08-23 00:00:00.000000'),
(45, 3, 3, 'Gruissan - Aude - Font Romeu', '2026-08-24 00:00:00.000000'),
(46, 3, 4, 'Andorra la Vella - Andorra la Vella', '2026-08-25 00:00:00.000000'),
(47, 3, 5, 'Falset - Costa Daurada - Roquetes - Terres de l\'Ebre', '2026-08-26 00:00:00.000000'),
(48, 3, 6, 'Alcossebre - Castelló', '2026-08-27 00:00:00.000000'),
(49, 3, 7, 'Vall d\'Alba - Aramón Valdelinares', '2026-08-28 00:00:00.000000'),
(50, 3, 8, 'Puçol - Xeraco', '2026-08-29 00:00:00.000000'),
(51, 3, 9, 'La Vila Joiosa / Villajoyosa - Alto de Aitana - Costa Blanca', '2026-08-30 00:00:00.000000'),
(52, 3, 10, 'Alcaraz - Elche de la Sierra', '2026-09-01 00:00:00.000000'),
(53, 3, 11, 'Cartagena - Lorca', '2026-09-02 00:00:00.000000'),
(54, 3, 12, 'Vera - Calar Alto', '2026-09-03 00:00:00.000000'),
(55, 3, 13, 'Almuñécar - Loja', '2026-09-04 00:00:00.000000'),
(56, 3, 14, 'Jaén - Sierra de La Pandera', '2026-09-05 00:00:00.000000'),
(57, 3, 15, 'Palma del Río - Córdoba', '2026-09-06 00:00:00.000000'),
(58, 3, 16, 'Cortegana - La Rábida - Palos de la Frontera', '2026-09-08 00:00:00.000000'),
(59, 3, 17, 'Dos Hermanas - Sevilla', '2026-09-09 00:00:00.000000'),
(60, 3, 18, 'El Puerto Santa María - Jerez de la Frontera', '2026-09-10 00:00:00.000000'),
(61, 3, 19, 'Vélez-Málaga - Peñas Blancas - Estepona', '2026-09-11 00:00:00.000000'),
(62, 3, 20, 'La Calahorra - Collado del Alguacil', '2026-09-12 00:00:00.000000'),
(63, 3, 21, 'Carrefour Granada - Granada', '2026-09-13 00:00:00.000000');

-- --------------------------------------------------------

--
-- Tabelstructuur voor tabel `Teams`
--

DROP TABLE IF EXISTS `Teams`;
CREATE TABLE IF NOT EXISTS `Teams` (
  `Id` int(11) NOT NULL AUTO_INCREMENT,
  `Name` longtext NOT NULL,
  `Tag` varchar(255) NOT NULL,
  PRIMARY KEY (`Id`),
  KEY `IX_Teams_Tag` (`Tag`)
) ENGINE=InnoDB AUTO_INCREMENT=34 DEFAULT CHARSET=utf8mb4 COLLATE=utf8mb4_general_ci;

--
-- Gegevens worden geëxporteerd voor tabel `Teams`
--

INSERT INTO `Teams` (`Id`, `Name`, `Tag`) VALUES
(1, 'UAE Team Emirates-XRG', 'WT'),
(2, 'Team Visma | Lease a Bike', 'WT'),
(3, 'Red Bull-BORA-hansgrohe', 'WT'),
(4, 'Alpecin-Premier Tech', 'WT'),
(5, 'Lidl-Trek', 'WT'),
(6, 'Pinarello-Q36.5 Pro Cycling Team', 'PrT'),
(7, 'NSN Cycling Team', 'PrT'),
(8, 'Decathlon CMA CGM Team', 'WT'),
(9, 'Soudal Quick-Step', 'WT'),
(10, 'INEOS Grenadiers', 'WT'),
(11, 'EF Education-EasyPost', 'WT'),
(12, 'Team Jayco-AlUla', 'WT'),
(13, 'Lotto-Intermarché', 'WT'),
(14, 'Bahrain Victorious', 'WT'),
(15, 'Uno-X Mobility', 'PrT'),
(16, 'XDS Astana Team', 'WT'),
(17, 'Movistar Team', 'WT'),
(18, 'Team TotalEnergies', 'PrT'),
(19, 'Tudor Pro Cycling Team', 'PrT'),
(20, 'Groupama-FDJ United', 'WT'),
(21, 'Cofidis', 'WT'),
(22, 'Team Picnic PostNL', 'WT'),
(23, 'Team Flanders-Baloise', 'CT'),
(24, 'Equipo Kern Pharma', 'PrT'),
(25, 'Caja Rural-Seguros RGA', 'PrT'),
(26, 'Bardiani CSF 7 Saber', 'PrT'),
(27, 'MBH Bank Ballan Telecom Fort', 'CT'),
(28, 'Team Polti VisitMalta', 'CT'),
(29, 'Unibet Rose Rockets', 'CT'),
(30, 'Modern Adventure Pro Cycling', 'CT'),
(31, 'Solution Tech-NIPPO-Rali', 'CT'),
(32, 'Burgos Burpellet BH', 'PrT'),
(33, 'Team Novo Nordisk', 'PrT');

-- --------------------------------------------------------

--
-- Tabelstructuur voor tabel `__EFMigrationsHistory`
--

DROP TABLE IF EXISTS `__EFMigrationsHistory`;
CREATE TABLE IF NOT EXISTS `__EFMigrationsHistory` (
  `MigrationId` varchar(150) NOT NULL,
  `ProductVersion` varchar(32) NOT NULL,
  PRIMARY KEY (`MigrationId`)
) ENGINE=InnoDB DEFAULT CHARSET=utf8mb4 COLLATE=utf8mb4_general_ci;

--
-- Gegevens worden geëxporteerd voor tabel `__EFMigrationsHistory`
--

INSERT INTO `__EFMigrationsHistory` (`MigrationId`, `ProductVersion`) VALUES
('20260427114144_InitialCreate', '9.0.0');

--
-- Beperkingen voor geëxporteerde tabellen
--

--
-- Beperkingen voor tabel `Cyclists`
--
ALTER TABLE `Cyclists`
  ADD CONSTRAINT `FK_Cyclists_Teams_TeamId` FOREIGN KEY (`TeamId`) REFERENCES `Teams` (`Id`) ON DELETE SET NULL;

--
-- Beperkingen voor tabel `DraftTurns`
--
ALTER TABLE `DraftTurns`
  ADD CONSTRAINT `FK_DraftTurns_Cyclists_CyclistId` FOREIGN KEY (`CyclistId`) REFERENCES `Cyclists` (`Id`),
  ADD CONSTRAINT `FK_DraftTurns_Players_PlayerId` FOREIGN KEY (`PlayerId`) REFERENCES `Players` (`Id`) ON DELETE CASCADE,
  ADD CONSTRAINT `FK_DraftTurns_Races_RaceId` FOREIGN KEY (`RaceId`) REFERENCES `Races` (`Id`) ON DELETE CASCADE;

--
-- Beperkingen voor tabel `Jerseys`
--
ALTER TABLE `Jerseys`
  ADD CONSTRAINT `FK_Jerseys_Cyclists_CyclistId` FOREIGN KEY (`CyclistId`) REFERENCES `Cyclists` (`Id`) ON DELETE CASCADE,
  ADD CONSTRAINT `FK_Jerseys_Stages_StageId` FOREIGN KEY (`StageId`) REFERENCES `Stages` (`Id`) ON DELETE CASCADE;

--
-- Beperkingen voor tabel `PlayerPoints`
--
ALTER TABLE `PlayerPoints`
  ADD CONSTRAINT `FK_PlayerPoints_Cyclists_CyclistId` FOREIGN KEY (`CyclistId`) REFERENCES `Cyclists` (`Id`) ON DELETE CASCADE,
  ADD CONSTRAINT `FK_PlayerPoints_Players_PlayerId` FOREIGN KEY (`PlayerId`) REFERENCES `Players` (`Id`) ON DELETE CASCADE,
  ADD CONSTRAINT `FK_PlayerPoints_Races_RaceId` FOREIGN KEY (`RaceId`) REFERENCES `Races` (`Id`) ON DELETE CASCADE,
  ADD CONSTRAINT `FK_PlayerPoints_Stages_StageId` FOREIGN KEY (`StageId`) REFERENCES `Stages` (`Id`);

--
-- Beperkingen voor tabel `PlayerSelections`
--
ALTER TABLE `PlayerSelections`
  ADD CONSTRAINT `FK_PlayerSelections_Cyclists_CyclistId` FOREIGN KEY (`CyclistId`) REFERENCES `Cyclists` (`Id`) ON DELETE CASCADE,
  ADD CONSTRAINT `FK_PlayerSelections_Players_PlayerId` FOREIGN KEY (`PlayerId`) REFERENCES `Players` (`Id`) ON DELETE CASCADE,
  ADD CONSTRAINT `FK_PlayerSelections_Races_RaceId` FOREIGN KEY (`RaceId`) REFERENCES `Races` (`Id`) ON DELETE CASCADE;

--
-- Beperkingen voor tabel `RaceEntries`
--
ALTER TABLE `RaceEntries`
  ADD CONSTRAINT `FK_RaceEntries_Cyclists_CyclistId` FOREIGN KEY (`CyclistId`) REFERENCES `Cyclists` (`Id`) ON DELETE CASCADE,
  ADD CONSTRAINT `FK_RaceEntries_Races_RaceId` FOREIGN KEY (`RaceId`) REFERENCES `Races` (`Id`) ON DELETE CASCADE,
  ADD CONSTRAINT `FK_RaceEntries_Teams_TeamId` FOREIGN KEY (`TeamId`) REFERENCES `Teams` (`Id`) ON DELETE SET NULL;

--
-- Beperkingen voor tabel `StageResults`
--
ALTER TABLE `StageResults`
  ADD CONSTRAINT `FK_StageResults_Cyclists_CyclistId` FOREIGN KEY (`CyclistId`) REFERENCES `Cyclists` (`Id`) ON DELETE CASCADE,
  ADD CONSTRAINT `FK_StageResults_Stages_StageId` FOREIGN KEY (`StageId`) REFERENCES `Stages` (`Id`) ON DELETE CASCADE;

--
-- Beperkingen voor tabel `Stages`
--
ALTER TABLE `Stages`
  ADD CONSTRAINT `FK_Stages_Races_RaceId` FOREIGN KEY (`RaceId`) REFERENCES `Races` (`Id`) ON DELETE CASCADE;
SET FOREIGN_KEY_CHECKS=1;
COMMIT;

/*!40101 SET CHARACTER_SET_CLIENT=@OLD_CHARACTER_SET_CLIENT */;
/*!40101 SET CHARACTER_SET_RESULTS=@OLD_CHARACTER_SET_RESULTS */;
/*!40101 SET COLLATION_CONNECTION=@OLD_COLLATION_CONNECTION */;
