-- phpMyAdmin SQL Dump
-- version 5.2.2
-- https://www.phpmyadmin.net/
--
-- Host: localhost
-- Gegenereerd op: 30 apr 2026 om 16:52
-- Serverversie: 10.11.11-MariaDB
-- PHP-versie: 8.2.28

SET FOREIGN_KEY_CHECKS=0;
SET SQL_MODE = "NO_AUTO_VALUE_ON_ZERO";
START TRANSACTION;
SET time_zone = "+00:00";


/*!40101 SET @OLD_CHARACTER_SET_CLIENT=@@CHARACTER_SET_CLIENT */;
/*!40101 SET @OLD_CHARACTER_SET_RESULTS=@@CHARACTER_SET_RESULTS */;
/*!40101 SET @OLD_COLLATION_CONNECTION=@@COLLATION_CONNECTION */;
/*!40101 SET NAMES utf8mb4 */;

--
-- Database: `racecore`
--
CREATE DATABASE IF NOT EXISTS `racecore` DEFAULT CHARACTER SET utf8mb4 COLLATE utf8mb4_general_ci;
USE `racecore`;

DELIMITER $$
--
-- Procedures
--
DROP PROCEDURE IF EXISTS `POMELO_AFTER_ADD_PRIMARY_KEY`$$
CREATE DEFINER=`jasonpeleman`@`%` PROCEDURE `POMELO_AFTER_ADD_PRIMARY_KEY` (IN `SCHEMA_NAME_ARGUMENT` VARCHAR(255), IN `TABLE_NAME_ARGUMENT` VARCHAR(255), IN `COLUMN_NAME_ARGUMENT` VARCHAR(255))   BEGIN
	DECLARE HAS_AUTO_INCREMENT_ID INT(11);
	DECLARE PRIMARY_KEY_COLUMN_NAME VARCHAR(255);
	DECLARE PRIMARY_KEY_TYPE VARCHAR(255);
	DECLARE SQL_EXP VARCHAR(1000);
	SELECT COUNT(*)
		INTO HAS_AUTO_INCREMENT_ID
		FROM `information_schema`.`COLUMNS`
		WHERE `TABLE_SCHEMA` = (SELECT IFNULL(SCHEMA_NAME_ARGUMENT, SCHEMA()))
			AND `TABLE_NAME` = TABLE_NAME_ARGUMENT
			AND `COLUMN_NAME` = COLUMN_NAME_ARGUMENT
			AND `COLUMN_TYPE` LIKE '%int%'
			AND `COLUMN_KEY` = 'PRI';
	IF HAS_AUTO_INCREMENT_ID THEN
		SELECT `COLUMN_TYPE`
			INTO PRIMARY_KEY_TYPE
			FROM `information_schema`.`COLUMNS`
			WHERE `TABLE_SCHEMA` = (SELECT IFNULL(SCHEMA_NAME_ARGUMENT, SCHEMA()))
				AND `TABLE_NAME` = TABLE_NAME_ARGUMENT
				AND `COLUMN_NAME` = COLUMN_NAME_ARGUMENT
				AND `COLUMN_TYPE` LIKE '%int%'
				AND `COLUMN_KEY` = 'PRI';
		SELECT `COLUMN_NAME`
			INTO PRIMARY_KEY_COLUMN_NAME
			FROM `information_schema`.`COLUMNS`
			WHERE `TABLE_SCHEMA` = (SELECT IFNULL(SCHEMA_NAME_ARGUMENT, SCHEMA()))
				AND `TABLE_NAME` = TABLE_NAME_ARGUMENT
				AND `COLUMN_NAME` = COLUMN_NAME_ARGUMENT
				AND `COLUMN_TYPE` LIKE '%int%'
				AND `COLUMN_KEY` = 'PRI';
		SET SQL_EXP = CONCAT('ALTER TABLE `', (SELECT IFNULL(SCHEMA_NAME_ARGUMENT, SCHEMA())), '`.`', TABLE_NAME_ARGUMENT, '` MODIFY COLUMN `', PRIMARY_KEY_COLUMN_NAME, '` ', PRIMARY_KEY_TYPE, ' NOT NULL AUTO_INCREMENT;');
		SET @SQL_EXP = SQL_EXP;
		PREPARE SQL_EXP_EXECUTE FROM @SQL_EXP;
		EXECUTE SQL_EXP_EXECUTE;
		DEALLOCATE PREPARE SQL_EXP_EXECUTE;
	END IF;
END$$

DROP PROCEDURE IF EXISTS `POMELO_BEFORE_DROP_PRIMARY_KEY`$$
CREATE DEFINER=`jasonpeleman`@`%` PROCEDURE `POMELO_BEFORE_DROP_PRIMARY_KEY` (IN `SCHEMA_NAME_ARGUMENT` VARCHAR(255), IN `TABLE_NAME_ARGUMENT` VARCHAR(255))   BEGIN
	DECLARE HAS_AUTO_INCREMENT_ID TINYINT(1);
	DECLARE PRIMARY_KEY_COLUMN_NAME VARCHAR(255);
	DECLARE PRIMARY_KEY_TYPE VARCHAR(255);
	DECLARE SQL_EXP VARCHAR(1000);
	SELECT COUNT(*)
		INTO HAS_AUTO_INCREMENT_ID
		FROM `information_schema`.`COLUMNS`
		WHERE `TABLE_SCHEMA` = (SELECT IFNULL(SCHEMA_NAME_ARGUMENT, SCHEMA()))
			AND `TABLE_NAME` = TABLE_NAME_ARGUMENT
			AND `Extra` = 'auto_increment'
			AND `COLUMN_KEY` = 'PRI'
			LIMIT 1;
	IF HAS_AUTO_INCREMENT_ID THEN
		SELECT `COLUMN_TYPE`
			INTO PRIMARY_KEY_TYPE
			FROM `information_schema`.`COLUMNS`
			WHERE `TABLE_SCHEMA` = (SELECT IFNULL(SCHEMA_NAME_ARGUMENT, SCHEMA()))
				AND `TABLE_NAME` = TABLE_NAME_ARGUMENT
				AND `COLUMN_KEY` = 'PRI'
			LIMIT 1;
		SELECT `COLUMN_NAME`
			INTO PRIMARY_KEY_COLUMN_NAME
			FROM `information_schema`.`COLUMNS`
			WHERE `TABLE_SCHEMA` = (SELECT IFNULL(SCHEMA_NAME_ARGUMENT, SCHEMA()))
				AND `TABLE_NAME` = TABLE_NAME_ARGUMENT
				AND `COLUMN_KEY` = 'PRI'
			LIMIT 1;
		SET SQL_EXP = CONCAT('ALTER TABLE `', (SELECT IFNULL(SCHEMA_NAME_ARGUMENT, SCHEMA())), '`.`', TABLE_NAME_ARGUMENT, '` MODIFY COLUMN `', PRIMARY_KEY_COLUMN_NAME, '` ', PRIMARY_KEY_TYPE, ' NOT NULL;');
		SET @SQL_EXP = SQL_EXP;
		PREPARE SQL_EXP_EXECUTE FROM @SQL_EXP;
		EXECUTE SQL_EXP_EXECUTE;
		DEALLOCATE PREPARE SQL_EXP_EXECUTE;
	END IF;
END$$

DELIMITER ;

-- --------------------------------------------------------

--
-- Tabelstructuur voor tabel `Cyclists`
--

DROP TABLE IF EXISTS `Cyclists`;
CREATE TABLE `Cyclists` (
  `Id` int(11) NOT NULL,
  `FirstName` longtext NOT NULL,
  `LastName` longtext NOT NULL,
  `TeamId` int(11) DEFAULT NULL,
  `IsActive` tinyint(1) NOT NULL
) ENGINE=InnoDB DEFAULT CHARSET=utf8mb4 COLLATE=utf8mb4_general_ci;

--
-- Gegevens worden geëxporteerd voor tabel `Cyclists`
--

INSERT INTO `Cyclists` (`Id`, `FirstName`, `LastName`, `TeamId`, `IsActive`) VALUES
(1, 'Tadej', 'Pogačar', 1, 1),
(2, 'Jonas', 'Vingegaard', 2, 1),
(3, 'Remco', 'Evenepoel', 3, 1),
(4, 'Mathieu', 'van der Poel', 4, 1),
(5, 'Wout', 'van Aert', 2, 1),
(6, 'João', 'Almeida', 1, 1),
(7, 'Isaac', 'del Toro', 1, 1),
(8, 'Mads', 'Pedersen', 5, 1),
(9, 'Tom', 'Pidcock', 6, 1),
(10, 'Jasper', 'Philipsen', 4, 1),
(11, 'Primož', 'Roglič', 3, 1),
(12, 'Adam', 'Yates', 1, 1),
(13, 'Biniam', 'Girmay', 7, 1),
(14, 'Brandon', 'McNulty', 1, 1),
(15, 'Matteo', 'Jorgenson', 2, 1),
(16, 'Felix', 'Gall', 8, 1),
(17, 'Paul', 'Magnier', 9, 1),
(18, 'Filippo', 'Ganna', 10, 1),
(19, 'Mattias', 'Skjelmose', 5, 1),
(20, 'Jay', 'Vine', 1, 1),
(21, 'Florian', 'Lipowitz', 3, 1),
(22, 'Giulio', 'Ciccone', 5, 1),
(23, 'Jordi', 'Meeus', 3, 1),
(24, 'Ben', 'Healy', 11, 1),
(25, 'Ben', 'O\'Connor', 12, 1),
(26, 'Florian', 'Vermeersch', 1, 1),
(27, 'Christophe', 'Laporte', 2, 1),
(28, 'Arnaud', 'De Lie', 13, 1),
(29, 'Tobias Lund', 'Andresen', 8, 1),
(30, 'Jasper', 'Stuyven', 9, 1),
(31, 'Oscar', 'Onley', 10, 1),
(32, 'Kévin', 'Vauquelin', 10, 1),
(33, 'Lenny', 'Martinez', 14, 1),
(34, 'Tobias Halland', 'Johannessen', 15, 1),
(35, 'Juan', 'Ayuso', 5, 1),
(36, 'Giulio', 'Pellizzari', 3, 1),
(37, 'Søren', 'Wærenskjold', 15, 1),
(38, 'Mike', 'Teunissen', 16, 1),
(39, 'Richard', 'Carapaz', 11, 1),
(40, 'Thymen', 'Arensman', 10, 1),
(41, 'Michael', 'Storer', 19, 1),
(42, 'Jai', 'Hindley', 3, 1),
(43, 'Sepp', 'Kuss', 2, 1),
(44, 'Egan', 'Bernal', 10, 1),
(45, 'Tim', 'Merlier', 9, 1),
(46, 'Carlos', 'Rodríguez', 10, 1),
(47, 'Antonio', 'Tiberi', 14, 1),
(48, 'Paul', 'Seixas', 8, 1),
(49, 'Santiago', 'Buitrago', 14, 1),
(50, 'Jonathan', 'Milan', 5, 1),
(51, 'Enric', 'Mas', 17, 1),
(52, 'Ilan', 'Van Wilder', 9, 1),
(53, 'Jonas', 'Abrahamsen', 15, 1),
(54, 'Harold', 'Tejada', 16, 1),
(55, 'Jan', 'Christen', 1, 1),
(56, 'Jhonatan', 'Narváez', 1, 1),
(57, 'Pello', 'Bilbao', 14, 1),
(58, 'Lorenzo', 'Fortunato', 16, 1),
(59, 'Anthony', 'Turgis', 18, 1),
(60, 'Stefan', 'Küng', 19, 1),
(61, 'Laurence', 'Pithie', 3, 1),
(62, 'Matthew', 'Riccitello', 8, 1),
(63, 'Mikel', 'Landa', 9, 1),
(64, 'Tim', 'Wellens', 1, 1),
(65, 'Derek', 'Gee-West', 5, 1),
(66, 'Pavel', 'Sivakov', 1, 1),
(67, 'Matteo', 'Trentin', 19, 1),
(68, 'Mathias', 'Vacek', 5, 1),
(69, 'Guillaume', 'Martin-Guyonnet', 20, 1),
(70, 'Romain', 'Grégoire', 20, 1),
(71, 'Mauro', 'Schmid', 12, 1),
(72, 'Cian', 'Uijtdebroeks', 17, 1),
(73, 'Aleksandr', 'Vlasov', 3, 1),
(74, 'António', 'Morgado', 1, 1),
(75, 'Marc', 'Soler', 1, 1),
(76, 'Christian', 'Scaroni', 16, 1),
(77, 'Felix', 'Großschartner', 1, 1),
(78, 'Tiesj', 'Benoot', 8, 1),
(79, 'Einer', 'Rubio', 17, 1),
(80, 'Valentin', 'Madouas', 20, 1),
(81, 'Alex', 'Aranburu', 21, 1),
(82, 'Gianni', 'Vermeersch', 4, 1),
(83, 'Dorian', 'Godon', 10, 1),
(84, 'Jordan', 'Jegat', 18, 1),
(85, 'Stefan', 'Bissegger', 11, 1),
(86, 'Alec', 'Segaert', 13, 1),
(87, 'Bruno', 'Armirail', 8, 1),
(88, 'Magnus', 'Sheffield', 10, 1),
(89, 'Neilson', 'Powless', 11, 1),
(90, 'Rasmus', 'Tiller', 15, 1),
(91, 'Nils', 'Politt', 1, 1),
(92, 'Alex', 'Baudin', 11, 1),
(93, 'Alberto', 'Bettiol', 16, 1),
(94, 'Cristián', 'Rodríguez', 16, 1),
(95, 'Matej', 'Mohorič', 14, 1),
(96, 'Emilien', 'Jeannière', 18, 1),
(97, 'Toms', 'Skujiņš', 5, 1),
(98, 'Luca', 'Mozzato', 18, 1),
(99, 'Ion', 'Izagirre', 21, 1),
(100, 'Julian', 'Alaphilippe', 9, 1),
(101, 'Valentin', 'Paret-Peintre', 8, 1),
(102, 'Luke', 'Plapp', 12, 1),
(103, 'Clément', 'Champoussin', 18, 1),
(104, 'Corbin', 'Strong', 7, 1),
(105, 'Jenno', 'Berckmoes', 13, 1),
(106, 'Diego', 'Ulissi', 1, 1),
(107, 'Tim', 'van Dijke', 2, 1),
(108, 'Olav', 'Kooij', 2, 1),
(109, 'Pavel', 'Bittner', 22, 1),
(110, 'Ethan', 'Vernon', 7, 1),
(111, 'Marc', 'Hirschi', 1, 1),
(112, 'Tibor', 'Del Grosso', 4, 1),
(113, 'Daan', 'Hoole', 5, 1),
(114, 'Damiano', 'Caruso', 14, 1),
(115, 'Stanislaw', 'Aniolkowski', 21, 1),
(116, 'Filippo', 'Zana', 12, 1),
(117, 'Max', 'Walscheid', 12, 1),
(118, 'Matthew', 'Brennan', 2, 1),
(119, 'Luke', 'Lamperti', 9, 1),
(120, 'Joshua', 'Tarling', 10, 1),
(121, 'Alexis', 'Renard', 21, 1),
(122, 'Davide', 'Piganzoli', 6, 1),
(123, 'Ben', 'Tulett', 2, 1),
(124, 'Lewis', 'Askey', 20, 1),
(125, 'Orluis', 'Aular', 17, 1),
(126, 'Dylan', 'Groenewegen', 12, 1),
(127, 'Iván', 'Romeo', 17, 1),
(128, 'Iván', 'García Cortina', 17, 1),
(129, 'Michael', 'Matthews', 12, 1),
(130, 'Daniel Felipe', 'Martínez', 3, 1),
(131, 'Laurenz', 'Rex', 13, 1),
(132, 'Andrea', 'Vendrame', 8, 1),
(133, 'Fred', 'Wright', 14, 1),
(134, 'Cees', 'Bol', 16, 1),
(135, 'Aimé', 'De Gendt', 21, 1),
(136, 'Kaden', 'Groves', 4, 1),
(137, 'Javier', 'Romo', 16, 1),
(138, 'Quinten', 'Hermans', 4, 1),
(139, 'Edoardo', 'Zambanini', 14, 1),
(140, 'Oliver', 'Naesen', 8, 1),
(141, 'Axel', 'Laurance', 4, 1),
(142, 'Aurélien', 'Paret-Peintre', 8, 1),
(143, 'Sandy', 'Dujardin', 18, 1),
(144, 'Hugo', 'Hofstetter', 7, 1),
(145, 'Davide', 'Ballerini', 16, 1),
(146, 'Nicolas', 'Prodhomme', 8, 1),
(147, 'Axel', 'Zingle', 21, 1),
(148, 'Lennert', 'Van Eetvelt', 13, 1),
(149, 'Madis', 'Mihkels', 13, 1),
(150, 'Danny', 'van Poppel', 3, 1),
(151, 'Pablo', 'Castrillo', 17, 1),
(152, 'Kevin', 'Vermaerke', 11, 1),
(153, 'Milan', 'Menten', 13, 1),
(154, 'Per', 'Strand Hagenes', 2, 1),
(155, 'Paul', 'Lapeira', 8, 1),
(156, 'Mick', 'van Dijke', 2, 1),
(157, 'Paul', 'Penhoët', 20, 1),
(158, 'Simone', 'Velasco', 16, 1),
(159, 'Lukas', 'Kubis', 31, 1),
(160, 'Raúl', 'García Pierna', 16, 1),
(161, 'Thibau', 'Nys', 5, 1),
(162, 'Brent', 'Van Moer', 13, 1),
(163, 'Junior', 'Lecerf', 9, 1),
(164, 'Pierre', 'Gautherat', 8, 1),
(165, 'Bryan', 'Coquard', 21, 1),
(166, 'Max', 'Kanter', 16, 1),
(167, 'Rory', 'Townsend', 6, 1),
(168, 'Maxim', 'Van Gils', 13, 1),
(169, 'Milan', 'Fretin', 21, 1),
(170, 'Steffen', 'De Schuyteneer', 13, 1),
(171, 'Marijn', 'van den Berg', 11, 1),
(172, 'Ben', 'Turner', 10, 1),
(173, 'Clément', 'Venturini', 18, 1),
(174, 'Wilco', 'Kelderman', 2, 1),
(175, 'Andreas', 'Leknessund', 15, 1),
(176, 'Tim Torn', 'Teutenberg', 5, 1),
(177, 'Jon', 'Barrenetxea', 17, 1),
(178, 'Edward', 'Dunbar', 12, 1),
(179, 'Roger', 'Adrià', 3, 1),
(180, 'Wout', 'Poels', 14, 1),
(181, 'Victor', 'Campenaerts', 2, 1),
(182, 'David', 'Gaudu', 20, 1),
(183, 'Kasper', 'Asgreen', 9, 1),
(184, 'Andrea', 'Bagioli', 5, 1),
(185, 'Carlos', 'Canal', 17, 1),
(186, 'Fabio', 'Christen', 6, 1),
(187, 'Max', 'Poole', 22, 1),
(188, 'Arne', 'Marit', 13, 1),
(189, 'Mikkel', 'Bjerg', 1, 1),
(190, 'Magnus', 'Cort', 15, 1),
(191, 'Vincenzo', 'Albanese', 18, 1),
(192, 'Lorenzo', 'Milesi', 17, 1),
(193, 'Jenthe', 'Biermans', 18, 1),
(194, 'Phil', 'Bauhaus', 14, 1),
(195, 'Bastien', 'Tronchon', 8, 1),
(196, 'Benoît', 'Cosnefroy', 8, 1),
(197, 'Max', 'Schachmann', 3, 1),
(198, 'Markus', 'Hoelgaard', 15, 1),
(199, 'Xandro', 'Meurisse', 4, 1),
(200, 'Sebastián', 'Molano', 1, 1),
(201, 'Sergio', 'Higuita', 3, 1),
(202, 'Clément', 'Berthet', 8, 1),
(203, 'Marco', 'Frigo', 7, 1),
(204, 'Mauri', 'Vansevenant', 9, 1),
(205, 'Mikkel Frølich', 'Honoré', 11, 1),
(206, 'Ethan', 'Hayter', 10, 1),
(207, 'Michael', 'Valgren', 11, 1),
(208, 'Mathys', 'Rondel', 19, 1),
(209, 'Matteo', 'Malucelli', 28, 1),
(210, 'Hugo', 'Page', 13, 1),
(211, 'Matteo', 'Moschetti', 6, 1),
(212, 'Tom', 'Van Asbroeck', 7, 1),
(213, 'Axel', 'Huens', 19, 1),
(214, 'Quinn', 'Simmons', 5, 1),
(215, 'Sam', 'Watson', 20, 1),
(216, 'Torstein', 'Træen', 15, 1),
(217, 'Mattia', 'Cattaneo', 9, 1),
(218, 'Giovanni', 'Lonardi', 28, 1),
(219, 'Matteo', 'Sobrero', 3, 1),
(220, 'Pascal', 'Ackermann', 7, 1),
(221, 'Matyáš', 'Kopecký', 33, 1),
(222, 'Attila', 'Valter', 2, 1),
(223, 'Louis', 'Barré', 13, 1),
(224, 'Frank', 'van den Broek', 22, 1),
(225, 'Yevgeniy', 'Fedorov', 16, 1),
(226, 'Johannes', 'Kulset', 15, 1),
(227, 'Dries', 'De Bondt', 8, 1),
(228, 'Sam', 'Welsford', 3, 1),
(229, 'Stan', 'Dewulf', 8, 1),
(230, 'Gerben', 'Thijssen', 13, 1),
(231, 'Finn', 'Fisher-Black', 1, 1),
(232, 'Dylan', 'Teuns', 7, 1),
(233, 'Alberto', 'Dainese', 19, 1),
(234, 'Alexandre', 'Delettre', 18, 1),
(235, 'Rick', 'Pluimers', 19, 1),
(236, 'Clément Braz', 'Afonso', 20, 1),
(237, 'Marius', 'Mayrhofer', 19, 1),
(238, 'Dries', 'van Gestel', 18, 1),
(239, 'Anthon', 'Charmig', 16, 1),
(240, 'Igor', 'Arrieta', 1, 1),
(241, 'Thomas', 'Silva', 25, 1),
(242, 'Edoardo', 'Affini', 2, 1),
(243, 'Enrico', 'Zanoncello', 26, 1),
(244, 'Joe', 'Blackmore', 7, 1),
(245, 'Jan', 'Tratnik', 3, 1),
(246, 'Harold Martin', 'López', 16, 1),
(247, 'Oded', 'Kogut', 7, 1),
(248, 'Erlend', 'Blikra', 15, 1),
(249, 'Georg', 'Zimmermann', 13, 1),
(250, 'Georg', 'Steinhauser', 11, 1),
(251, 'Gianmarco', 'Garofoli', 16, 1),
(252, 'Vito', 'Braet', 13, 1),
(253, 'Ivo', 'Oliveira', 1, 1),
(254, 'Natnael', 'Tesfazion', 5, 1),
(255, 'Ewen', 'Costiou', 18, 1),
(256, 'Casper', 'van Uden', 22, 1),
(257, 'Timo', 'Kielich', 4, 1),
(258, 'Fredrik', 'Dversnes', 15, 1),
(259, 'Filippo', 'Baroncini', 1, 1),
(260, 'Amaury', 'Capiot', 18, 1),
(261, 'Bauke', 'Mollema', 5, 1),
(262, 'Clément', 'Russo', 20, 1),
(263, 'Sam', 'Bennett', 8, 1),
(264, 'Quentin', 'Pacher', 20, 1),
(265, 'Fernando', 'Gaviria', 17, 1),
(266, 'Jake', 'Stewart', 7, 1),
(267, 'Arjen', 'Livyns', 13, 1),
(268, 'Remi', 'Cavagna', 17, 1),
(269, 'Warren', 'Barguil', 22, 1),
(270, 'Matevz', 'Govekar', 14, 1),
(271, 'Andreas', 'Kron', 13, 1),
(272, 'Afonso', 'Eulalio', 31, 1),
(273, 'Pau Miquel', 'Delgado', 24, 1),
(274, 'Riley', 'Sheehan', 7, 1),
(275, 'Tobias', 'Foss', 10, 1),
(276, 'Gregor', 'Mühlberger', 17, 1),
(277, 'Stefano', 'Oldani', 21, 1),
(278, 'Jason', 'Tesson', 18, 1),
(279, 'Yves', 'Lampaert', 9, 1),
(280, 'Aaron', 'Gate', 16, 1),
(281, 'Jakob', 'Söderqvist', 5, 1),
(282, 'Chris', 'Harper', 12, 1),
(283, 'Nelson', 'Oliveira', 17, 1),
(284, 'Jordan', 'Labrosse', 8, 1),
(285, 'Dušan', 'Rajović', 14, 1),
(286, 'Mathieu', 'Burgaudeau', 18, 1),
(287, 'Anders Halland', 'Johannessen', 15, 1),
(288, 'Lukas', 'Nerurkar', 11, 1),
(289, 'Laurens', 'De Plus', 10, 1),
(290, 'Davide', 'Formolo', 17, 1),
(291, 'Jensen', 'Plowright', 4, 1),
(292, 'Nils', 'Eekhoff', 22, 1),
(293, 'Arvid', 'de Kleijn', 19, 1),
(294, 'Maikel', 'Zijlaard', 19, 1),
(295, 'Thibaud', 'Gruel', 20, 1),
(296, 'Paul', 'Double', 28, 1),
(297, 'Rudy', 'Molard', 20, 1),
(298, 'Jørgen', 'Nordhagen', 2, 1),
(299, 'Mark', 'Donovan', 6, 1),
(300, 'Rasmus Søjberg', 'Pedersen', 8, 1),
(301, 'Dylan', 'van Baarle', 2, 1),
(302, 'Matis', 'Louvel', 18, 1),
(303, 'Anders', 'Foldager', 12, 1),
(304, 'Archie', 'Ryan', 11, 1),
(305, 'Lionel', 'Taminiaux', 13, 1),
(306, 'Julien', 'Bernard', 5, 1),
(307, 'Stian', 'Fredheim', 15, 1),
(308, 'Fernando', 'Barceló', 25, 1),
(309, 'Manuel', 'Peñalver', 28, 1),
(310, 'Francesco', 'Busatto', 13, 1),
(311, 'Robert', 'Donaldson', 12, 1),
(312, 'Casper', 'Pedersen', 9, 1),
(313, 'Albert Withen', 'Philipsen', 5, 1),
(314, 'Yannis', 'Voisard', 19, 1),
(315, 'Edward', 'Theuns', 5, 1),
(316, 'Jefferson', 'Cepeda', 25, 1),
(317, 'Marco', 'Haller', 3, 1),
(318, 'Pier-André', 'Côté', 7, 1),
(319, 'Huub', 'Artz', 13, 1),
(320, 'Eduard', 'Prades', 25, 1),
(321, 'Simon', 'Dehairs', 4, 1),
(322, 'Jonas', 'Rutsch', 11, 1),
(323, 'George', 'Bennett', 7, 1),
(324, 'Rui', 'Oliveira', 1, 1),
(325, 'José Félix', 'Parra', 24, 1),
(326, 'Urko', 'Berrade', 24, 1),
(327, 'Jack', 'Haig', 14, 1),
(328, 'Benjamin', 'Thomas', 21, 1),
(329, 'Edward', 'Planckaert', 4, 1),
(330, 'Patrick', 'Konrad', 5, 1),
(331, 'Žak', 'Eržen', 14, 1),
(332, 'Iúri', 'Leitão', 25, 1),
(333, 'Mattéo', 'Vercher', 18, 1),
(334, 'Niklas', 'Larsen', 15, 1),
(335, 'Giovanni', 'Aleotti', 3, 1),
(336, 'Marcel', 'Camprubí', 6, 1),
(337, 'Søren Kragh', 'Andersen', 4, 1),
(338, 'Alessandro', 'Pinarello', 26, 1),
(339, 'Brieuc', 'Rolland', 20, 1),
(340, 'Abel', 'Balderstone', 25, 1),
(341, 'Nairo', 'Quintana', 17, 1),
(342, 'Tord', 'Gudmestad', 15, 1),
(343, 'Sylvain', 'Moniquet', 13, 1),
(344, 'Carlos', 'Verona', 5, 1),
(345, 'Felix', 'Engelhardt', 12, 1),
(346, 'Alexey', 'Lutsenko', 1, 1),
(347, 'Juan Pedro', 'López', 5, 1),
(348, 'Léo', 'Bisiaux', 8, 1),
(349, 'Davide', 'De Pretto', 12, 1),
(350, 'Victor', 'Langellotti', 3, 1),
(351, 'Lorenzo', 'Rota', 13, 1),
(352, 'Alessandro', 'Covi', 1, 1),
(353, 'Rémy', 'Rochas', 20, 1),
(354, 'Marco', 'Brenner', 19, 1),
(355, 'Kevin', 'Geniets', 20, 1),
(356, 'Jules', 'Hesters', 23, 1),
(357, 'Nico', 'Denz', 3, 1),
(358, 'Thibault', 'Guernalec', 18, 1),
(359, 'Kelland', 'O\'Brien', 12, 1),
(360, 'Henok', 'Mulubrhan', 16, 1),
(361, 'Erik', 'Resell', 15, 1),
(362, 'Nicola', 'Conci', 4, 1),
(363, 'Steff', 'Cras', 18, 1),
(364, 'Sakarias Koller', 'Løland', 15, 1),
(365, 'Gleb', 'Syritsa', 16, 1),
(366, 'Emanuel', 'Buchmann', 3, 1),
(367, 'Eric', 'Fagúndez', 32, 1),
(368, 'Haimar', 'Etxeberria', 24, 1),
(369, 'Michael', 'Leonard', 10, 1),
(370, 'Riley', 'Pickrell', 7, 1),
(371, 'Emiel', 'Verstrynge', 4, 1),
(372, 'John', 'Degenkolb', 22, 1),
(373, 'Harry', 'Sweeny', 11, 1),
(374, 'Stephen', 'Williams', 7, 1),
(375, 'Brady', 'Gilmore', 7, 1),
(376, 'Itamar', 'Einhorn', 7, 1),
(377, 'Sander', 'De Pestel', 8, 1),
(378, 'Pascal', 'Eenkhoorn', 13, 1),
(379, 'Diego', 'Pescador', 17, 1),
(380, 'Florian', 'Sénéchal', 18, 1),
(381, 'Bart', 'Lemmen', 2, 1),
(382, 'Nicolò', 'Parisini', 6, 1),
(383, 'Emils', 'Liepiņš', 22, 1),
(384, 'David', 'González', 25, 1),
(385, 'Filippo', 'Magli', 26, 1),
(386, 'Cédric', 'Beullens', 13, 1),
(387, 'Alex', 'Molenaar', 11, 1),
(388, 'Jose Manuel', 'Diaz', 32, 1),
(389, 'Sam', 'Oomen', 5, 1),
(390, 'Alan', 'Hatherly', 11, 1),
(391, 'Lennard', 'Kämna', 3, 1),
(392, 'Florian', 'Stork', 19, 1),
(393, 'Filippo', 'Fiorelli', 26, 1),
(394, 'Fabio', 'Jakobsen', 22, 1),
(395, 'Victor', 'Lafay', 20, 1),
(396, 'AJ', 'August', 10, 1),
(397, 'Simone', 'Consonni', 5, 1),
(398, 'Lawrence', 'Warbasse', 19, 1),
(399, 'William', 'Barta', 17, 1),
(400, 'Jesus', 'Herrada', 21, 1),
(401, 'Elmar', 'Reinders', 12, 1),
(402, 'Alex', 'Kirsch', 5, 1),
(403, 'Jan', 'Hirt', 9, 1),
(404, 'Marc', 'Brustenga', 24, 1),
(405, 'Damien', 'Howson', 6, 1),
(406, 'David', 'de la Cruz', 6, 1),
(407, 'Brandon', 'Rivera', 10, 1),
(408, 'Ryan', 'Mullen', 3, 1),
(409, 'Ludovico', 'Crescioli', 28, 1),
(410, 'Ben', 'Swift', 10, 1),
(411, 'Florian', 'Dauphin', 18, 1),
(412, 'Luca', 'Van Boven', 13, 1),
(413, 'Odd Christian', 'Eiking', 15, 1),
(414, 'Embret', 'Svestad-Bårdseng', 18, 1),
(415, 'Rune', 'Herregodts', 13, 1),
(416, 'Mirco', 'Maestri', 28, 1),
(417, 'Michal', 'Kwiatkowski', 10, 1),
(418, 'Artem', 'Shmidt', 10, 1),
(419, 'Hartthijs', 'de Vries', 19, 1),
(420, 'Robin', 'Froidevaux', 19, 1),
(421, 'Johan', 'Jacobs', 17, 1),
(422, 'Iván', 'Cobo', 24, 1),
(423, 'Mathis', 'Le Berre', 18, 1),
(424, 'Callum', 'Scotson', 12, 1),
(425, 'Thomas', 'Gachignard', 18, 1),
(426, 'Johan', 'Price-Pejtersen', 1, 1),
(427, 'Xabier', 'Azparren', 6, 1),
(428, 'Niklas', 'Märkl', 22, 1),
(429, 'Tom', 'Crabbe', 23, 1),
(430, 'Piet', 'Allegaert', 21, 1),
(431, 'Gotzon', 'Martín', 21, 1),
(432, 'Carl-Frederik', 'Bévort', 15, 1),
(433, 'Arthur', 'Kluckers', 19, 1),
(434, 'Milan', 'Vader', 2, 1),
(435, 'Joris', 'Delbove', 18, 1),
(436, 'Ådne', 'Holter', 15, 1),
(437, 'Krists', 'Neilands', 7, 1),
(438, 'Hugo', 'Houle', 7, 1),
(439, 'Alexander', 'Cepeda', 11, 1),
(440, 'Gonzalo', 'Serrano', 17, 1),
(441, 'Joel', 'Nicolau', 25, 1),
(442, 'Jonathan', 'Lastra', 21, 1),
(443, 'Tao', 'Geoghegan Hart', 5, 1),
(444, 'Martin', 'Marcellusi', 26, 1),
(445, 'Gal', 'Glivar', 1, 1),
(446, 'Johannes', 'Staune-Mittet', 2, 1),
(447, 'Lander', 'Loockx', 19, 1),
(448, 'Xabier', 'Berasategi', 21, 1),
(449, 'Connor', 'Swift', 10, 1),
(450, 'Jaume', 'Guardeño', 25, 1),
(451, 'Tijmen', 'Graat', 2, 1),
(452, 'Unai', 'Iribar', 24, 1),
(453, 'Luka', 'Mezgec', 12, 1),
(454, 'Cyril', 'Barthe', 20, 1),
(455, 'Kim', 'Heiduk', 10, 1),
(456, 'Henri', 'Uhlig', 4, 1),
(457, 'Simone', 'Gualdi', 13, 1),
(458, 'Fabio', 'Van den Bossche', 4, 1),
(459, 'Bert', 'Van Lerberghe', 9, 1),
(460, 'Jonas', 'Rickaert', 4, 1),
(461, 'Ivan', 'Sosa', 17, 1),
(462, 'Markel', 'Beloki', 11, 1),
(463, 'Finlay', 'Pickering', 14, 1),
(464, 'Pau', 'Martí', 7, 1),
(465, 'Nick', 'Schultz', 7, 1),
(466, 'Louis', 'Vervaeke', 9, 1),
(467, 'Bjorn', 'Koerdt', 22, 1),
(468, 'Bob', 'Jungels', 3, 1),
(469, 'Chris', 'Hamilton', 22, 1),
(470, 'Ben', 'Zwiehoff', 3, 1),
(471, 'Frederik', 'Wandahl', 3, 1),
(472, 'Michiel', 'Lambrecht', 23, 1),
(473, 'Lorenzo', 'Germani', 20, 1),
(474, 'Ibon', 'Ruiz', 24, 1),
(475, 'Merhawi', 'Kudus', 31, 1),
(476, 'Guillaume', 'Boivin', 7, 1),
(477, 'Max', 'Walker', 11, 1),
(478, 'Noa', 'Isidore', 8, 1),
(479, 'Vincent', 'Van Hemelen', 23, 1),
(480, 'Alexander', 'Kamp', 19, 1),
(481, 'Jarno', 'Widar', 13, 1),
(482, 'Julius', 'Johansen', 13, 1),
(483, 'Maxime', 'Decomble', 20, 1),
(484, 'Alessandro', 'Verre', 18, 1),
(485, 'Antoine', 'L\'Hote', 8, 1),
(486, 'Lorenzo', 'Quartucci', 28, 1),
(487, 'Damien', 'Touzé', 8, 1),
(488, 'César', 'Macías', 32, 1),
(489, 'Mattia', 'Bais', 28, 1),
(490, 'Nicolas', 'Breuillard', 18, 1),
(491, 'Sergi', 'Darder', 25, 1),
(492, 'Davide', 'Persico', 13, 1),
(493, 'Callum', 'Thornley', 10, 1),
(494, 'Matys', 'Grisel', 13, 1),
(495, 'Filippo', 'Turconi', 26, 1),
(496, 'Adrien', 'Boichis', 3, 1),
(497, 'Sam', 'Maisonobe', 20, 1),
(498, 'Samuele', 'Battistella', 11, 1),
(499, 'Luca', 'Vergallito', 4, 1),
(500, 'Nicolas', 'Vinokurov', 16, 1),
(501, 'Jelte', 'Krijnsen', 12, 1),
(502, 'Alessandro', 'Fancellu', 28, 1),
(503, 'Jasha', 'Sütterlin', 14, 0),
(504, 'Sergio', 'Chumil', 32, 0),
(505, 'Liam', 'Slock', 13, 1),
(506, 'James', 'Shaw', 11, 0),
(507, 'Sébastien', 'Grignard', 13, 0),
(508, 'Sebastian', 'Berwick', 7, 0),
(509, 'Andrea Raccagni', 'Noviero', 9, 0),
(510, 'Gianluca', 'Pollefliet', 8, 0),
(511, 'Paul', 'Hennequin', 18, 0),
(512, 'Alberto', 'Bruttomesso', 14, 0),
(513, 'Owain', 'Doull', 11, 0),
(514, 'Mathias Sunekær', 'Norsgaard', 17, 1),
(515, 'Pierre', 'Thierry', 18, 0),
(516, 'Gijs', 'Leemreize', 22, 0),
(517, 'Frits', 'Biesterbos', 22, 0),
(518, 'Jon', 'Agirre', 24, 0),
(519, 'Matthias', 'Schwarzbacher', 11, 0),
(520, 'Sergio', 'Samitier', 21, 0),
(521, 'Kamil', 'Małecki', 6, 0),
(522, 'Daniel', 'Skerl', 14, 0),
(523, 'Noah', 'Hobbs', 20, 0),
(524, 'Luca', 'Colnaghi', 26, 0),
(525, 'Sean', 'Flynn', 22, 0),
(526, 'Alessandro', 'Borgo', 26, 0),
(527, 'Darren', 'Rafferty', 11, 1),
(528, 'Frederik', 'Frison', 6, 0),
(529, 'Jasper', 'De Buyst', 13, 0),
(530, 'Dries', 'De Pooter', 13, 0),
(531, 'Joshua', 'Giddings', 13, 0),
(532, 'Kamiel', 'Bonneu', 13, 0),
(533, 'Ander', 'Okamika', 32, 0),
(534, 'Alexander', 'Hajek', 3, 0),
(535, 'Alessandro', 'Romele', 16, 0),
(536, 'Ramses', 'Debruyne', 4, 0),
(537, 'William', 'Blume Levy', 15, 0),
(538, 'Marcin', 'Budziński', 27, 0),
(539, 'Byron', 'Munton', 30, 0),
(540, 'Fabian', 'Lienhard', 20, 0),
(541, 'Pelayo', 'Sanchez', 17, 0),
(542, 'Luca', 'Paletti', 26, 0),
(543, 'Jonas', 'Geens', 4, 0),
(544, 'Adrien', 'Maire', 19, 0),
(545, 'Thomas', 'Gloag', 2, 0),
(546, 'Harm', 'Vanhoucke', 13, 0),
(547, 'Ward', 'Vanhoof', 23, 0),
(548, 'Jakub', 'Otruba', 21, 0),
(549, 'Daniel', 'Cavia', 32, 0),
(550, 'Simon', 'Carr', 11, 1),
(551, 'Samuel', 'Leroux', 18, 0),
(552, 'Emmanuel', 'Houcou', 18, 0),
(553, 'Alexandre', 'Mayer', 18, 0),
(554, 'Leander', 'Van Hautegem', 23, 0),
(555, 'Fausto', 'Masnada', 28, 0),
(556, 'Gorka', 'Sorarrain', 25, 0),
(557, 'Nikias', 'Arndt', 14, 0),
(558, 'Stefan', 'de Bod', 11, 0),
(559, 'Jelle', 'Johannink', 19, 0),
(560, 'Luca', 'Covili', 26, 0),
(561, 'Nicolò', 'Buratti', 14, 0),
(562, 'Jan', 'Castellon', 25, 0),
(563, 'Louis', 'Rouland', 18, 0),
(564, 'Pepijn', 'Reinderink', 9, 0),
(565, 'Colby', 'Simmons', 2, 0),
(566, 'Jacopo', 'Mosca', 5, 0),
(567, 'Sven Erik', 'Bystrøm', 20, 0),
(568, 'Sente', 'Sentjens', 4, 0),
(569, 'Oliver', 'Knight', 21, 0),
(570, 'Floris', 'Van Tricht', 7, 0),
(571, 'Reuben', 'Thompson', 20, 0),
(572, 'Lorrenzo', 'Manzin', 18, 0),
(573, 'Simon', 'Clarke', 7, 0),
(574, 'Matteo', 'Milan', 5, 0),
(575, 'Mikel', 'Bizkarra', 21, 0),
(576, 'Jakob', 'Omrzel', 14, 0),
(577, 'Karsten', 'Feldmann', 22, 0),
(578, 'Joren', 'Bloem', 22, 0),
(579, 'Rainer', 'Kepplinger', 14, 0),
(580, 'Emil', 'Herzog', 3, 0),
(581, 'Anders', 'Skaarseth', 15, 1),
(582, 'Georgios', 'Boúglas', 32, 0),
(583, 'Clément', 'Izquierdo', 8, 0),
(584, 'Hannes', 'Wilksch', 19, 0),
(585, 'Toon', 'Aerts', 13, 0),
(586, 'Martin', 'Tjøtta', 18, 0),
(587, 'Tom', 'Donnenwirth', 20, 0),
(588, 'Jamie', 'Meehan', 6, 0),
(589, 'Vlad', 'Van Mechelen', 14, 0),
(590, 'Jardi', 'van der Lee', 11, 0),
(591, 'Ben', 'Granger', 31, 0),
(592, 'Jonathan', 'Vervenne', 9, 0),
(593, 'Joan', 'Bou', 25, 0),
(594, 'Lorenzo', 'Conforti', 26, 0),
(595, 'Walter', 'Calzoni', 6, 0),
(596, 'Lewis', 'Bower', 20, 0),
(597, 'Wessel', 'Mouris', 19, 0),
(598, 'Kamil', 'Gradek', 14, 0),
(599, 'Fabian', 'Weiss', 19, 0),
(600, 'Clément', 'Alleno', 32, 0),
(601, 'Pablo', 'Torres', 1, 0),
(602, 'Mathieu', 'Kockelmann', 13, 0),
(603, 'Jordi', 'Lopez', 24, 0),
(604, 'Txomin', 'Juaristi', 21, 0),
(605, 'Diego', 'Sevilla', 28, 0),
(606, 'Alex', 'Tolio', 26, 0),
(607, 'Peter', 'Øxenberg', 10, 0),
(608, 'Nickolas', 'Zukowsky', 6, 0),
(609, 'Axel', 'van der Tuuk', 17, 0),
(610, 'Robert', 'Stannard', 14, 0),
(611, 'Tilen', 'Finkšt', 31, 0),
(612, 'Óscar', 'Rodríguez', 10, 0),
(613, 'Abram', 'Stockman', 19, 0),
(614, 'Tomáš', 'Kopecký', 19, 0),
(615, 'Enzo', 'Paleni', 20, 0),
(616, 'Jorge', 'Gutiérrez', 24, 0),
(617, 'Javier', 'Serrano', 28, 0),
(618, 'Sjoerd', 'Bax', 1, 0),
(619, 'Sean', 'Quinn', 11, 0),
(620, 'Francisco', 'Peñuela', 25, 0),
(621, 'Davide', 'Bais', 28, 0),
(622, 'Davide', 'Toneatti', 16, 0),
(623, 'Adria', 'Perìcas', 1, 0),
(624, 'Fernando', 'Tercero', 28, 0),
(625, 'Marco', 'Schrettl', 16, 0),
(626, 'Rayan', 'Boulahoite', 18, 0),
(627, 'Steven', 'Kruijswijk', 2, 1),
(628, 'Santiago', 'Umba', 16, 0),
(629, 'Fabien', 'Doubey', 18, 0),
(630, 'Attilio', 'Viviani', 26, 0),
(631, 'Milan', 'Lanhove', 23, 0),
(632, 'Thomas', 'Pesenti', 28, 0),
(633, 'Sergio', 'Meris', 28, 0),
(634, 'Henrik', 'Pedersen', 15, 0),
(635, 'Lars', 'Craps', 23, 0),
(636, 'Mario', 'Aparicio', 32, 0),
(637, 'Juan', 'Martinez', 22, 1),
(638, 'Tyler', 'Stites', 30, 0),
(639, 'Sebastian Kolze', 'Changizi', 19, 0),
(640, 'Niklas', 'Behrens', 2, 0),
(641, 'Matteo', 'Fabbro', 28, 0),
(642, 'Dion', 'Smith', 13, 1),
(643, 'James', 'Knox', 9, 1),
(644, 'Anton', 'Schiffer', 2, 0),
(645, 'Hugo', 'de la Calle', 32, 0),
(646, 'Timo', 'de Jong', 22, 0),
(647, 'Cedrik Bakke', 'Christophersen', 15, 0),
(648, 'Asbjørn', 'Hellemose', 17, 0),
(649, 'Koen', 'Bouwman', 2, 1),
(650, 'Matthew', 'Dinham', 22, 0),
(651, 'Victor', 'Vercouillie', 23, 0),
(652, 'Samuel', 'Fernández', 25, 0),
(653, 'Mattia', 'Pinazzi', 26, 0),
(654, 'Elias', 'Maris', 23, 0),
(655, 'Martijn', 'Rasenberg', 22, 0),
(656, 'Samuele', 'Zoccarato', 26, 0),
(657, 'Mikel', 'Retegi', 24, 0),
(658, 'Amanuel', 'Ghebreigzabhier', 5, 0),
(659, 'Killian', 'Verschuren', 18, 0),
(660, 'Robin', 'Donzé', 19, 0),
(661, 'Jannis', 'Peter', 13, 0),
(662, 'Lev', 'Gonov', 16, 0),
(663, 'Rodrigo', 'Álvarez', 32, 0),
(664, 'Valerio', 'Conti', 21, 0),
(665, 'Alessandro', 'Tonelli', 26, 0),
(666, 'Alan', 'Jousseaume', 18, 0),
(667, 'Taco', 'van der Hoorn', 13, 0),
(668, 'Mats', 'Wenzel', 5, 0),
(669, 'Brem', 'Deman', 23, 0),
(670, 'Alexandre', 'Balmer', 21, 0),
(671, 'Matteo', 'Badilatti', 6, 0),
(672, 'Dillon', 'Corkery', 22, 0),
(673, 'Gil', 'Gelders', 9, 0),
(674, 'Michael', 'Gogl', 4, 0),
(675, 'Dylan', 'Vandenstorme', 23, 0),
(676, 'Thomas', 'Bonnet', 18, 0),
(677, 'Tobias', 'Bayer', 4, 0),
(678, 'Martin', 'Svrček', 9, 0),
(679, 'Dario', 'Belletta', 2, 0),
(680, 'Yaël', 'Joalland', 13, 0),
(681, 'Bram', 'Welten', 22, 0),
(682, 'Joseba', 'López', 25, 0),
(683, 'Valentin', 'Ferron', 18, 0),
(684, 'Roel', 'van Sintmaartensdijk', 13, 0),
(685, 'Michel', 'Heßmann', 2, 0),
(686, 'Mathijs', 'Paasschens', 14, 0),
(687, 'Ronan', 'Augé', 20, 0),
(688, 'Senna', 'Remijn', 4, 0),
(689, 'Antonio Jesús', 'Soto', 24, 0),
(690, 'Iker', 'Mintegi', 21, 0),
(691, 'Petr', 'Kelemen', 19, 0),
(692, 'Henri-Francois', 'Haquin', 18, 0),
(693, 'Tobias', 'Müller', 22, 0),
(694, 'Edoardo', 'Zamperini', 18, 0),
(695, 'Márton', 'Dina', 18, 0),
(696, 'Nadav', 'Raisberg', 7, 0),
(697, 'Luke', 'Durbridge', 12, 0),
(698, 'Andrea', 'Pietrobon', 28, 0),
(699, 'Adam', 'Ťoupalík', 19, 0),
(700, 'Joel', 'Suter', 6, 0),
(701, 'Valentin', 'Retailleau', 8, 0),
(702, 'Yukiya', 'Arashiro', 14, 0),
(703, 'Julius', 'van den Berg', 22, 0),
(704, 'Alexys', 'Brunel', 18, 0),
(705, 'Paul', 'Ourselin', 18, 0),
(706, 'Jan', 'Maas', 12, 0),
(707, 'Pavel', 'Novak', 1, 0),
(708, 'Alessio', 'Martinelli', 26, 0),
(709, 'Carlos', 'García Pierna', 18, 0),
(710, 'Jambaljamts', 'Sainbayar', 16, 0),
(711, 'Owen', 'Geleijn', 19, 0),
(712, 'Aivaras', 'Mikutis', 19, 0),
(713, 'Germán Darío', 'Gómez', 28, 0),
(714, 'Lindsay', 'De Vylder', 4, 0),
(715, 'Francisco', 'Muñoz', 28, 0),
(716, 'Menno', 'Huising', 2, 1),
(717, 'Mattia', 'Gaffuri', 18, 0),
(718, 'Warre', 'Vangheluwe', 9, 0),
(719, 'Michele', 'Gazzoli', 16, 0),
(720, 'Ben', 'Oliver', 30, 0),
(721, 'Lucas', 'Hamilton', 12, 0),
(722, 'Silvan', 'Dillier', 4, 0),
(723, 'Otto', 'Vergaerde', 5, 0),
(724, 'Andrea', 'Mifsud', 18, 0),
(725, 'Matthew', 'Fox', 13, 0),
(726, 'José Luis', 'Faura', 32, 0);

-- --------------------------------------------------------

--
-- Tabelstructuur voor tabel `DraftTurns`
--

DROP TABLE IF EXISTS `DraftTurns`;
CREATE TABLE `DraftTurns` (
  `Id` int(11) NOT NULL,
  `RaceId` int(11) NOT NULL,
  `TurnNumber` int(11) NOT NULL,
  `PlayerId` int(11) NOT NULL,
  `CyclistId` int(11) DEFAULT NULL,
  `GameSessionId` int(11) NOT NULL DEFAULT 0
) ENGINE=InnoDB DEFAULT CHARSET=utf8mb4 COLLATE=utf8mb4_general_ci;

--
-- Gegevens worden geëxporteerd voor tabel `DraftTurns`
--

INSERT INTO `DraftTurns` (`Id`, `RaceId`, `TurnNumber`, `PlayerId`, `CyclistId`, `GameSessionId`) VALUES
(438, 2, 1, 1, 396, 4),
(440, 2, 3, 4, 135, 4),
(441, 2, 4, 4, 12, 4),
(443, 2, 6, 1, 390, 4),
(444, 2, 7, 1, 387, 4),
(446, 2, 9, 4, 496, 4),
(447, 2, 10, 4, 280, 4),
(449, 2, 12, 1, 352, 4),
(450, 2, 13, 1, 502, 4),
(452, 2, 15, 4, 338, 4),
(453, 2, 16, 4, 81, 4),
(455, 2, 18, 1, 73, 4),
(456, 2, 19, 1, 439, 4),
(458, 2, 21, 4, 480, 4),
(459, 2, 22, 4, 260, 4),
(461, 2, 24, 1, 287, 4),
(462, 2, 25, 1, 132, 4),
(464, 2, 27, 4, 271, 4),
(465, 2, 28, 4, 175, 4),
(467, 2, 30, 1, 402, 4),
(469, 5, 1, 1, NULL, 6),
(471, 5, 3, 4, NULL, 6),
(472, 5, 4, 4, NULL, 6),
(474, 5, 6, 1, NULL, 6),
(475, 5, 7, 1, NULL, 6),
(477, 5, 9, 4, NULL, 6),
(478, 5, 10, 4, NULL, 6),
(480, 5, 12, 1, NULL, 6),
(481, 5, 13, 1, NULL, 6),
(483, 5, 15, 4, NULL, 6),
(484, 5, 16, 4, NULL, 6),
(486, 5, 18, 1, NULL, 6),
(487, 5, 19, 1, NULL, 6),
(489, 5, 21, 4, NULL, 6),
(490, 5, 22, 4, NULL, 6),
(492, 5, 24, 1, NULL, 6),
(493, 5, 25, 1, NULL, 6),
(495, 5, 27, 4, NULL, 6),
(496, 5, 28, 4, NULL, 6),
(498, 5, 30, 1, NULL, 6),
(819, 2, 1, 1, NULL, 15),
(821, 2, 3, 4, NULL, 15),
(822, 2, 4, 5, NULL, 15),
(823, 2, 5, 5, NULL, 15),
(824, 2, 6, 4, NULL, 15),
(826, 2, 8, 1, NULL, 15),
(827, 2, 9, 1, NULL, 15),
(829, 2, 11, 4, NULL, 15),
(830, 2, 12, 5, NULL, 15),
(831, 2, 13, 5, NULL, 15),
(832, 2, 14, 4, NULL, 15),
(834, 2, 16, 1, NULL, 15),
(835, 2, 17, 1, NULL, 15),
(837, 2, 19, 4, NULL, 15),
(838, 2, 20, 5, NULL, 15),
(839, 2, 21, 5, NULL, 15),
(840, 2, 22, 4, NULL, 15),
(842, 2, 24, 1, NULL, 15),
(843, 2, 25, 1, NULL, 15),
(845, 2, 27, 4, NULL, 15),
(846, 2, 28, 5, NULL, 15),
(847, 2, 29, 5, NULL, 15),
(848, 2, 30, 4, NULL, 15),
(850, 2, 32, 1, NULL, 15),
(851, 2, 33, 1, NULL, 15),
(853, 2, 35, 4, NULL, 15),
(854, 2, 36, 5, NULL, 15),
(855, 2, 37, 5, NULL, 15),
(856, 2, 38, 4, NULL, 15),
(858, 2, 40, 1, NULL, 15),
(859, 2, 41, 1, NULL, 15),
(861, 2, 43, 4, NULL, 15),
(862, 2, 44, 5, NULL, 15),
(863, 2, 45, 5, NULL, 15),
(864, 2, 46, 4, NULL, 15),
(866, 2, 48, 1, NULL, 15),
(867, 2, 49, 1, NULL, 15),
(869, 2, 51, 4, NULL, 15),
(870, 2, 52, 5, NULL, 15),
(871, 2, 53, 5, NULL, 15),
(872, 2, 54, 4, NULL, 15),
(874, 2, 56, 1, NULL, 15),
(875, 2, 57, 1, NULL, 15),
(877, 2, 59, 4, NULL, 15),
(878, 2, 60, 5, NULL, 15),
(1569, 2, 1, 1, 86, 28),
(1572, 2, 4, 1, 272, 28),
(1573, 2, 5, 1, 436, 28),
(1576, 2, 8, 1, 135, 28),
(1577, 2, 9, 1, 313, 28),
(1580, 2, 12, 1, 73, 28),
(1581, 2, 13, 1, 352, 28),
(1584, 2, 16, 1, 338, 28),
(1585, 2, 17, 1, 402, 28),
(1588, 2, 20, 1, 387, 28),
(1589, 2, 21, 1, 439, 28),
(1592, 2, 24, 1, 480, 28),
(1593, 2, 25, 1, 260, 28),
(1596, 2, 28, 1, 581, 28),
(1597, 2, 29, 1, 184, 28),
(2605, 19, 1, 1, NULL, 50),
(2606, 19, 2, 4, NULL, 50),
(2607, 19, 3, 5, NULL, 50),
(2608, 19, 4, 5, NULL, 50),
(2609, 19, 5, 4, NULL, 50),
(2610, 19, 6, 1, NULL, 50),
(2611, 19, 7, 1, NULL, 50),
(2612, 19, 8, 4, NULL, 50),
(2613, 19, 9, 5, NULL, 50),
(2614, 19, 10, 5, NULL, 50),
(2615, 19, 11, 4, NULL, 50),
(2616, 19, 12, 1, NULL, 50),
(2617, 19, 13, 1, NULL, 50),
(2618, 19, 14, 4, NULL, 50),
(2619, 19, 15, 5, NULL, 50),
(2620, 19, 16, 5, NULL, 50),
(2621, 19, 17, 4, NULL, 50),
(2622, 19, 18, 1, NULL, 50),
(2623, 19, 19, 1, NULL, 50),
(2624, 19, 20, 4, NULL, 50),
(2625, 19, 21, 5, NULL, 50),
(2626, 19, 22, 5, NULL, 50),
(2627, 19, 23, 4, NULL, 50),
(2628, 19, 24, 1, NULL, 50),
(2629, 19, 25, 1, NULL, 50),
(2630, 19, 26, 4, NULL, 50),
(2631, 19, 27, 5, NULL, 50),
(2632, 19, 28, 5, NULL, 50),
(2633, 19, 29, 4, NULL, 50),
(2634, 19, 30, 1, NULL, 50),
(2635, 19, 31, 1, NULL, 50),
(2636, 19, 32, 4, NULL, 50),
(2637, 19, 33, 5, NULL, 50),
(2638, 19, 34, 5, NULL, 50),
(2639, 19, 35, 4, NULL, 50),
(2640, 19, 36, 1, NULL, 50),
(2641, 19, 37, 1, NULL, 50),
(2642, 19, 38, 4, NULL, 50),
(2643, 19, 39, 5, NULL, 50),
(2644, 19, 40, 5, NULL, 50),
(2645, 19, 41, 4, NULL, 50),
(2646, 19, 42, 1, NULL, 50),
(2647, 19, 43, 1, NULL, 50),
(2648, 19, 44, 4, NULL, 50),
(2649, 19, 45, 5, NULL, 50),
(2650, 19, 1, 1, NULL, 51),
(2651, 19, 2, 4, NULL, 51),
(2652, 19, 3, 5, NULL, 51),
(2653, 19, 4, 5, NULL, 51),
(2654, 19, 5, 4, NULL, 51),
(2655, 19, 6, 1, NULL, 51),
(2656, 19, 7, 1, NULL, 51),
(2657, 19, 8, 4, NULL, 51),
(2658, 19, 9, 5, NULL, 51),
(2659, 19, 10, 5, NULL, 51),
(2660, 19, 11, 4, NULL, 51),
(2661, 19, 12, 1, NULL, 51),
(2662, 19, 13, 1, NULL, 51),
(2663, 19, 14, 4, NULL, 51),
(2664, 19, 15, 5, NULL, 51),
(2665, 19, 16, 5, NULL, 51),
(2666, 19, 17, 4, NULL, 51),
(2667, 19, 18, 1, NULL, 51),
(2668, 19, 19, 1, NULL, 51),
(2669, 19, 20, 4, NULL, 51),
(2670, 19, 21, 5, NULL, 51),
(2671, 19, 22, 5, NULL, 51),
(2672, 19, 23, 4, NULL, 51),
(2673, 19, 24, 1, NULL, 51),
(2674, 19, 25, 1, NULL, 51),
(2675, 19, 26, 4, NULL, 51),
(2676, 19, 27, 5, NULL, 51),
(2677, 19, 28, 5, NULL, 51),
(2678, 19, 29, 4, NULL, 51),
(2679, 19, 30, 1, NULL, 51),
(2680, 19, 31, 1, NULL, 51),
(2681, 19, 32, 4, NULL, 51),
(2682, 19, 33, 5, NULL, 51),
(2683, 19, 34, 5, NULL, 51),
(2684, 19, 35, 4, NULL, 51),
(2685, 19, 36, 1, NULL, 51),
(2686, 19, 37, 1, NULL, 51),
(2687, 19, 38, 4, NULL, 51),
(2688, 19, 39, 5, NULL, 51),
(2689, 19, 40, 5, NULL, 51),
(2690, 19, 41, 4, NULL, 51),
(2691, 19, 42, 1, NULL, 51),
(2692, 19, 43, 1, NULL, 51),
(2693, 19, 44, 4, NULL, 51),
(2694, 19, 45, 5, NULL, 51),
(2695, 19, 1, 1, 93, 52),
(2696, 19, 2, 4, 340, 52),
(2697, 19, 3, 5, 436, 52),
(2698, 19, 4, 5, 390, 52),
(2699, 19, 5, 4, 280, 52),
(2700, 19, 6, 1, 12, 52),
(2701, 19, 7, 1, 313, 52),
(2702, 19, 8, 4, 396, 52),
(2703, 19, 9, 5, 135, 52),
(2704, 19, 10, 5, 73, 52),
(2705, 19, 11, 4, 502, 52),
(2706, 19, 12, 1, 272, 52),
(2707, 19, 13, 1, 86, 52),
(2708, 19, 14, 4, 81, 52),
(2709, 19, 15, 5, 346, 52),
(2710, 19, 16, 5, 352, 52),
(2711, 19, 17, 4, 92, 52),
(2712, 19, 18, 1, 484, 52),
(2713, 19, 19, 1, 338, 52),
(2714, 19, 20, 4, 233, 52),
(2715, 19, 21, 5, 480, 52),
(2716, 19, 22, 5, 387, 52),
(2717, 19, 23, 4, 234, 52),
(2718, 19, 24, 1, 496, 52),
(2719, 19, 25, 1, 271, 52),
(2720, 19, 26, 4, 260, 52),
(2721, 19, 27, 5, 121, 52),
(2722, 19, 28, 5, 303, 52),
(2723, 19, 29, 4, 287, 52),
(2724, 19, 30, 1, 132, 52),
(2725, 19, 31, 1, 175, 52),
(2726, 19, 32, 4, 184, 52),
(2727, 19, 33, 5, 59, 52),
(2728, 19, 34, 5, 239, 52),
(2729, 19, 35, 4, 402, 52),
(2730, 19, 36, 1, 74, 52),
(2731, 19, 37, 1, 581, 52),
(2732, 19, 38, 4, 485, 52),
(2733, 19, 39, 5, 47, 52),
(2734, 19, 40, 5, 267, 52),
(2735, 19, 41, 4, 304, 52),
(2736, 19, 42, 1, 28, 52),
(2737, 19, 43, 1, 418, 52),
(2738, 19, 44, 4, 433, 52),
(2739, 19, 45, 5, 188, 52),
(2740, 19, 1, 1, 338, 53),
(2741, 19, 2, 4, 280, 53),
(2742, 19, 3, 5, 340, 53),
(2743, 19, 4, 5, 12, 53),
(2744, 19, 5, 4, 436, 53),
(2745, 19, 6, 1, 496, 53),
(2746, 19, 7, 1, 272, 53),
(2747, 19, 8, 4, 396, 53),
(2748, 19, 9, 5, 390, 53),
(2749, 19, 10, 5, 93, 53),
(2750, 19, 11, 4, 233, 53),
(2751, 19, 12, 1, 135, 53),
(2752, 19, 13, 1, 86, 53),
(2753, 19, 14, 4, 352, 53),
(2754, 19, 15, 5, 402, 53),
(2755, 19, 16, 5, 502, 53),
(2756, 19, 17, 4, 92, 53),
(2757, 19, 18, 1, 81, 53),
(2758, 19, 19, 1, 387, 53),
(2759, 19, 20, 4, 439, 53),
(2760, 19, 21, 5, 484, 53),
(2761, 19, 22, 5, 73, 53),
(2762, 19, 23, 4, 234, 53),
(2763, 19, 24, 1, 346, 53),
(2764, 19, 25, 1, 121, 53),
(2765, 19, 26, 4, 260, 53),
(2766, 19, 27, 5, 287, 53),
(2767, 19, 28, 5, 581, 53),
(2768, 19, 29, 4, 303, 53),
(2769, 19, 30, 1, 480, 53),
(2770, 19, 31, 1, 132, 53),
(2771, 19, 32, 4, 271, 53),
(2772, 19, 33, 5, 184, 53),
(2773, 19, 34, 5, 239, 53),
(2774, 19, 35, 4, 175, 53),
(2775, 19, 36, 1, 485, 53),
(2776, 19, 37, 1, 74, 53),
(2777, 19, 38, 4, 47, 53),
(2778, 19, 39, 5, 304, 53),
(2779, 19, 40, 5, 28, 53),
(2780, 19, 41, 4, 188, 53),
(2781, 19, 42, 1, 418, 53),
(2782, 19, 43, 1, 433, 53),
(2783, 19, 44, 4, 267, 53),
(2784, 19, 45, 5, 142, 53),
(2785, 19, 1, 1, 340, 54),
(2786, 19, 2, 4, 496, 54),
(2787, 19, 3, 5, 135, 54),
(2788, 19, 4, 5, 272, 54),
(2789, 19, 5, 4, 313, 54),
(2790, 19, 6, 1, 436, 54),
(2791, 19, 7, 1, 12, 54),
(2792, 19, 8, 4, 390, 54),
(2793, 19, 9, 5, 93, 54),
(2794, 19, 10, 5, 86, 54),
(2795, 19, 11, 4, 233, 54),
(2796, 19, 12, 1, 73, 54),
(2797, 19, 13, 1, 396, 54),
(2798, 19, 14, 4, 280, 54),
(2799, 19, 15, 5, 352, 54),
(2800, 19, 16, 5, 502, 54),
(2801, 19, 17, 4, 338, 54),
(2802, 19, 18, 1, 387, 54),
(2803, 19, 19, 1, 484, 54),
(2804, 19, 20, 4, 92, 54),
(2805, 19, 21, 5, 402, 54),
(2806, 19, 22, 5, 234, 54),
(2807, 19, 23, 4, 480, 54),
(2808, 19, 24, 1, 439, 54),
(2809, 19, 25, 1, 346, 54),
(2810, 19, 26, 4, 81, 54),
(2811, 19, 27, 5, 260, 54),
(2812, 19, 28, 5, 121, 54),
(2813, 19, 29, 4, 303, 54),
(2814, 19, 30, 1, 581, 54),
(2815, 19, 31, 1, 287, 54),
(2816, 19, 32, 4, 271, 54),
(2817, 19, 33, 5, 184, 54),
(2818, 19, 34, 5, 132, 54),
(2819, 19, 35, 4, 239, 54),
(2820, 19, 36, 1, 175, 54),
(2821, 19, 37, 1, 485, 54),
(2822, 19, 38, 4, 59, 54),
(2823, 19, 39, 5, 47, 54),
(2824, 19, 40, 5, 74, 54),
(2825, 19, 41, 4, 267, 54),
(2826, 19, 42, 1, 304, 54),
(2827, 19, 43, 1, 28, 54),
(2828, 19, 44, 4, 188, 54),
(2829, 19, 45, 5, 418, 54),
(2830, 19, 1, 1, NULL, 55),
(2831, 19, 2, 4, NULL, 55),
(2832, 19, 3, 5, NULL, 55),
(2833, 19, 4, 5, NULL, 55),
(2834, 19, 5, 4, NULL, 55),
(2835, 19, 6, 1, NULL, 55),
(2836, 19, 7, 1, NULL, 55),
(2837, 19, 8, 4, NULL, 55),
(2838, 19, 9, 5, NULL, 55),
(2839, 19, 10, 5, NULL, 55),
(2840, 19, 11, 4, NULL, 55),
(2841, 19, 12, 1, NULL, 55),
(2842, 19, 13, 1, NULL, 55),
(2843, 19, 14, 4, NULL, 55),
(2844, 19, 15, 5, NULL, 55),
(2845, 19, 16, 5, NULL, 55),
(2846, 19, 17, 4, NULL, 55),
(2847, 19, 18, 1, NULL, 55),
(2848, 19, 19, 1, NULL, 55),
(2849, 19, 20, 4, NULL, 55),
(2850, 19, 21, 5, NULL, 55),
(2851, 19, 22, 5, NULL, 55),
(2852, 19, 23, 4, NULL, 55),
(2853, 19, 24, 1, NULL, 55),
(2854, 19, 25, 1, NULL, 55),
(2855, 19, 26, 4, NULL, 55),
(2856, 19, 27, 5, NULL, 55),
(2857, 19, 28, 5, NULL, 55),
(2858, 19, 29, 4, NULL, 55),
(2859, 19, 30, 1, NULL, 55),
(2860, 19, 31, 1, NULL, 55),
(2861, 19, 32, 4, NULL, 55),
(2862, 19, 33, 5, NULL, 55),
(2863, 19, 34, 5, NULL, 55),
(2864, 19, 35, 4, NULL, 55),
(2865, 19, 36, 1, NULL, 55),
(2866, 19, 37, 1, NULL, 55),
(2867, 19, 38, 4, NULL, 55),
(2868, 19, 39, 5, NULL, 55),
(2869, 19, 40, 5, NULL, 55),
(2870, 19, 41, 4, NULL, 55),
(2871, 19, 42, 1, NULL, 55),
(2872, 19, 43, 1, NULL, 55),
(2873, 19, 44, 4, NULL, 55),
(2874, 19, 45, 5, NULL, 55),
(2875, 19, 1, 1, 280, 56),
(2876, 19, 2, 4, 12, 56),
(2877, 19, 3, 5, 436, 56),
(2878, 19, 4, 5, 496, 56),
(2879, 19, 5, 4, 272, 56),
(2880, 19, 6, 1, 390, 56),
(2881, 19, 7, 1, 396, 56),
(2882, 19, 8, 4, 135, 56),
(2883, 19, 9, 5, 313, 56),
(2884, 19, 10, 5, 86, 56),
(2885, 19, 11, 4, 93, 56),
(2886, 19, 12, 1, 73, 56),
(2887, 19, 13, 1, 502, 56),
(2888, 19, 14, 4, 233, 56),
(2889, 19, 15, 5, 338, 56),
(2890, 19, 16, 5, 92, 56),
(2891, 19, 17, 4, 81, 56),
(2892, 19, 18, 1, 402, 56),
(2893, 19, 19, 1, 484, 56),
(2894, 19, 20, 4, 234, 56),
(2895, 19, 21, 5, 346, 56),
(2896, 19, 22, 5, 480, 56),
(2897, 19, 23, 4, 121, 56),
(2898, 19, 24, 1, 260, 56),
(2899, 19, 25, 1, 303, 56),
(2900, 19, 26, 4, 287, 56),
(2901, 19, 27, 5, 439, 56),
(2902, 19, 28, 5, 581, 56),
(2903, 19, 29, 4, 132, 56),
(2904, 19, 30, 1, 239, 56),
(2905, 19, 31, 1, 271, 56),
(2906, 19, 32, 4, 485, 56),
(2907, 19, 33, 5, 74, 56),
(2908, 19, 34, 5, 59, 56),
(2909, 19, 35, 4, 47, 56),
(2910, 19, 36, 1, 387, 56),
(2911, 19, 37, 1, 304, 56),
(2912, 19, 38, 4, 184, 56),
(2913, 19, 39, 5, 28, 56),
(2914, 19, 40, 5, 293, 56),
(2915, 19, 41, 4, 222, 56),
(2916, 19, 42, 1, 418, 56),
(2917, 19, 43, 1, 188, 56),
(2918, 19, 44, 4, 141, 56),
(2919, 19, 45, 5, 195, 56),
(2920, 19, 1, 1, NULL, 57),
(2921, 19, 2, 5, NULL, 57),
(2922, 19, 3, 5, NULL, 57),
(2923, 19, 4, 1, NULL, 57),
(2924, 19, 5, 1, NULL, 57),
(2925, 19, 6, 5, NULL, 57),
(2926, 19, 7, 5, NULL, 57),
(2927, 19, 8, 1, NULL, 57),
(2928, 19, 9, 1, NULL, 57),
(2929, 19, 10, 5, NULL, 57),
(2930, 19, 11, 5, NULL, 57),
(2931, 19, 12, 1, NULL, 57),
(2932, 19, 13, 1, NULL, 57),
(2933, 19, 14, 5, NULL, 57),
(2934, 19, 15, 5, NULL, 57),
(2935, 19, 16, 1, NULL, 57),
(2936, 19, 17, 1, NULL, 57),
(2937, 19, 18, 5, NULL, 57),
(2938, 19, 19, 5, NULL, 57),
(2939, 19, 20, 1, NULL, 57),
(2940, 19, 21, 1, NULL, 57),
(2941, 19, 22, 5, NULL, 57),
(2942, 19, 23, 5, NULL, 57),
(2943, 19, 24, 1, NULL, 57),
(2944, 19, 25, 1, NULL, 57),
(2945, 19, 26, 5, NULL, 57),
(2946, 19, 27, 5, NULL, 57),
(2947, 19, 28, 1, NULL, 57),
(2948, 19, 29, 1, NULL, 57),
(2949, 19, 30, 5, NULL, 57),
(2950, 19, 1, 1, NULL, 58),
(2951, 19, 2, 4, NULL, 58),
(2952, 19, 3, 5, NULL, 58),
(2953, 19, 4, 5, NULL, 58),
(2954, 19, 5, 4, NULL, 58),
(2955, 19, 6, 1, NULL, 58),
(2956, 19, 7, 1, NULL, 58),
(2957, 19, 8, 4, NULL, 58),
(2958, 19, 9, 5, NULL, 58),
(2959, 19, 10, 5, NULL, 58),
(2960, 19, 11, 4, NULL, 58),
(2961, 19, 12, 1, NULL, 58),
(2962, 19, 13, 1, NULL, 58),
(2963, 19, 14, 4, NULL, 58),
(2964, 19, 15, 5, NULL, 58),
(2965, 19, 16, 5, NULL, 58),
(2966, 19, 17, 4, NULL, 58),
(2967, 19, 18, 1, NULL, 58),
(2968, 19, 19, 1, NULL, 58),
(2969, 19, 20, 4, NULL, 58),
(2970, 19, 21, 5, NULL, 58),
(2971, 19, 22, 5, NULL, 58),
(2972, 19, 23, 4, NULL, 58),
(2973, 19, 24, 1, NULL, 58),
(2974, 19, 25, 1, NULL, 58),
(2975, 19, 26, 4, NULL, 58),
(2976, 19, 27, 5, NULL, 58),
(2977, 19, 28, 5, NULL, 58),
(2978, 19, 29, 4, NULL, 58),
(2979, 19, 30, 1, NULL, 58),
(2980, 19, 31, 1, NULL, 58),
(2981, 19, 32, 4, NULL, 58),
(2982, 19, 33, 5, NULL, 58),
(2983, 19, 34, 5, NULL, 58),
(2984, 19, 35, 4, NULL, 58),
(2985, 19, 36, 1, NULL, 58),
(2986, 19, 37, 1, NULL, 58),
(2987, 19, 38, 4, NULL, 58),
(2988, 19, 39, 5, NULL, 58),
(2989, 19, 40, 5, NULL, 58),
(2990, 19, 41, 4, NULL, 58),
(2991, 19, 42, 1, NULL, 58),
(2992, 19, 43, 1, NULL, 58),
(2993, 19, 44, 4, NULL, 58),
(2994, 19, 45, 5, NULL, 58);

-- --------------------------------------------------------

--
-- Tabelstructuur voor tabel `GameSessions`
--

DROP TABLE IF EXISTS `GameSessions`;
CREATE TABLE `GameSessions` (
  `Id` int(11) NOT NULL,
  `RaceId` int(11) NOT NULL,
  `Status` longtext NOT NULL,
  `CurrentStageNumber` int(11) NOT NULL,
  `RidersPerPlayer` int(11) NOT NULL,
  `BenchPerPlayer` int(11) NOT NULL,
  `CreatedAt` datetime(6) NOT NULL,
  `StageId` int(11) NOT NULL
) ENGINE=InnoDB DEFAULT CHARSET=utf8mb4 COLLATE=utf8mb4_general_ci;

--
-- Gegevens worden geëxporteerd voor tabel `GameSessions`
--

INSERT INTO `GameSessions` (`Id`, `RaceId`, `Status`, `CurrentStageNumber`, `RidersPerPlayer`, `BenchPerPlayer`, `CreatedAt`, `StageId`) VALUES
(1, 19, 'Draft', 0, 8, 2, '2026-04-29 12:51:44.397374', 100),
(2, 19, 'Draft', 0, 8, 2, '2026-04-29 12:52:31.905512', 100),
(3, 19, 'Draft', 0, 8, 2, '2026-04-29 12:52:44.653728', 100),
(4, 2, 'Active', 0, 8, 2, '2026-04-29 12:53:09.788811', 22),
(5, 19, 'Draft', 0, 8, 2, '2026-04-29 12:57:22.240763', 100),
(6, 5, 'Draft', 0, 8, 2, '2026-04-29 12:57:38.748948', 87),
(7, 19, 'Draft', 0, 8, 2, '2026-04-29 13:03:26.969185', 100),
(8, 19, 'Draft', 0, 8, 2, '2026-04-29 13:03:33.655558', 100),
(9, 19, 'Draft', 0, 8, 2, '2026-04-29 13:54:29.054222', 100),
(10, 19, 'Active', 0, 8, 2, '2026-04-29 14:22:38.315017', 100),
(11, 19, 'Draft', 0, 8, 2, '2026-04-29 14:27:28.787957', 100),
(12, 19, 'Active', 0, 8, 2, '2026-04-29 14:27:38.049473', 100),
(13, 19, 'Active', 0, 8, 2, '2026-04-29 15:15:21.056754', 100),
(14, 19, 'Active', 0, 10, 5, '2026-04-29 15:16:53.255877', 100),
(15, 2, 'Draft', 0, 10, 5, '2026-04-29 16:39:55.862182', 22),
(16, 19, 'Draft', 0, 10, 5, '2026-04-29 18:17:03.237798', 100),
(17, 19, 'Draft', 0, 10, 5, '2026-04-30 09:30:19.879102', 100),
(18, 19, 'Draft', 0, 10, 5, '2026-04-30 09:31:49.942505', 100),
(19, 19, 'Draft', 0, 10, 5, '2026-04-30 11:00:38.097741', 100),
(20, 19, 'Draft', 0, 10, 5, '2026-04-30 11:01:31.526884', 100),
(21, 19, 'Draft', 1, 10, 5, '2026-04-30 12:14:11.784721', 100),
(22, 19, 'Draft', 1, 10, 5, '2026-04-30 12:22:16.164159', 100),
(23, 19, 'Draft', 1, 10, 5, '2026-04-30 12:22:27.237296', 100),
(24, 19, 'Active', 1, 10, 5, '2026-04-30 12:22:40.183306', 100),
(25, 19, 'Draft', 1, 10, 5, '2026-04-30 12:29:49.956533', 100),
(26, 19, 'Draft', 1, 10, 5, '2026-04-30 12:30:14.594048', 100),
(27, 19, 'Draft', 1, 10, 5, '2026-04-30 12:30:40.665118', 100),
(28, 2, 'Active', 11, 10, 5, '2026-04-30 12:31:01.516765', 32),
(29, 19, 'Draft', 1, 10, 5, '2026-04-30 12:34:34.163619', 100),
(30, 19, 'Draft', 1, 10, 5, '2026-04-30 12:35:17.412295', 100),
(31, 19, 'Draft', 1, 10, 5, '2026-04-30 12:45:01.072396', 100),
(32, 19, 'Draft', 1, 10, 5, '2026-04-30 12:54:27.043026', 100),
(33, 19, 'Draft', 1, 10, 5, '2026-04-30 13:00:52.337590', 100),
(34, 19, 'Active', 1, 10, 5, '2026-04-30 13:05:50.914112', 100),
(35, 19, 'Draft', 1, 10, 5, '2026-04-30 13:09:41.240183', 100),
(36, 19, 'Draft', 1, 10, 5, '2026-04-30 13:16:44.124478', 100),
(37, 19, 'Draft', 1, 10, 5, '2026-04-30 13:24:09.898385', 100),
(38, 19, 'Draft', 1, 10, 5, '2026-04-30 13:26:54.715907', 100),
(39, 19, 'Draft', 1, 10, 5, '2026-04-30 13:32:19.702651', 100),
(40, 19, 'Draft', 1, 10, 5, '2026-04-30 13:41:35.682936', 100),
(41, 19, 'Draft', 1, 10, 5, '2026-04-30 13:49:22.096049', 100),
(42, 19, 'Draft', 1, 10, 5, '2026-04-30 13:55:15.104888', 100),
(43, 19, 'Draft', 1, 10, 5, '2026-04-30 13:56:04.264947', 100),
(44, 19, 'Draft', 1, 10, 5, '2026-04-30 13:56:44.177825', 100),
(45, 19, 'Draft', 1, 10, 5, '2026-04-30 14:04:48.007054', 100),
(46, 19, 'Draft', 1, 10, 5, '2026-04-30 14:07:54.453884', 100),
(47, 19, 'Draft', 1, 10, 5, '2026-04-30 14:25:54.114157', 100),
(48, 19, 'Draft', 1, 10, 5, '2026-04-30 14:34:39.070075', 100),
(49, 19, 'Draft', 1, 10, 5, '2026-04-30 14:38:02.689457', 100),
(50, 19, 'Draft', 1, 10, 5, '2026-04-30 14:47:40.852155', 100),
(51, 19, 'Draft', 1, 10, 5, '2026-04-30 14:50:01.239246', 100),
(52, 19, 'Active', 1, 10, 5, '2026-04-30 15:01:45.151706', 100),
(53, 19, 'Active', 1, 10, 5, '2026-04-30 15:08:07.144427', 100),
(54, 19, 'Active', 1, 10, 5, '2026-04-30 15:19:24.495850', 100),
(55, 19, 'Draft', 1, 10, 5, '2026-04-30 15:21:19.716306', 100),
(56, 19, 'Active', 1, 10, 5, '2026-04-30 15:29:02.305991', 100),
(57, 19, 'Draft', 1, 10, 5, '2026-04-30 16:03:12.853745', 100),
(58, 19, 'Draft', 1, 10, 5, '2026-04-30 16:24:10.812206', 100);

-- --------------------------------------------------------

--
-- Tabelstructuur voor tabel `Jerseys`
--

DROP TABLE IF EXISTS `Jerseys`;
CREATE TABLE `Jerseys` (
  `Id` int(11) NOT NULL,
  `StageId` int(11) NOT NULL,
  `CyclistId` int(11) NOT NULL,
  `Type` longtext NOT NULL
) ENGINE=InnoDB DEFAULT CHARSET=utf8mb4 COLLATE=utf8mb4_general_ci;

--
-- Gegevens worden geëxporteerd voor tabel `Jerseys`
--

INSERT INTO `Jerseys` (`Id`, `StageId`, `CyclistId`, `Type`) VALUES
(45, 100, 53, 'Red'),
(46, 100, 430, 'Green');

-- --------------------------------------------------------

--
-- Tabelstructuur voor tabel `PlayerPoints`
--

DROP TABLE IF EXISTS `PlayerPoints`;
CREATE TABLE `PlayerPoints` (
  `Id` int(11) NOT NULL,
  `PlayerId` int(11) NOT NULL,
  `RaceId` int(11) NOT NULL,
  `StageId` int(11) DEFAULT NULL,
  `CyclistId` int(11) DEFAULT NULL,
  `Points` int(11) NOT NULL,
  `GameSessionId` int(11) NOT NULL DEFAULT 0
) ENGINE=InnoDB DEFAULT CHARSET=utf8mb4 COLLATE=utf8mb4_general_ci;

-- --------------------------------------------------------

--
-- Tabelstructuur voor tabel `Players`
--

DROP TABLE IF EXISTS `Players`;
CREATE TABLE `Players` (
  `Id` int(11) NOT NULL,
  `Name` longtext NOT NULL,
  `PositionInDraft` int(11) NOT NULL,
  `TotalPoints` int(11) NOT NULL
) ENGINE=InnoDB DEFAULT CHARSET=utf8mb4 COLLATE=utf8mb4_general_ci;

--
-- Gegevens worden geëxporteerd voor tabel `Players`
--

INSERT INTO `Players` (`Id`, `Name`, `PositionInDraft`, `TotalPoints`) VALUES
(1, 'Dries', 1, 0),
(4, 'Jonas', 4, 0),
(5, 'Daniel', 5, 0);

-- --------------------------------------------------------

--
-- Tabelstructuur voor tabel `PlayerSelections`
--

DROP TABLE IF EXISTS `PlayerSelections`;
CREATE TABLE `PlayerSelections` (
  `Id` int(11) NOT NULL,
  `PlayerId` int(11) NOT NULL,
  `RaceId` int(11) NOT NULL,
  `CyclistId` int(11) NOT NULL,
  `IsActive` tinyint(1) NOT NULL,
  `GameSessionId` int(11) NOT NULL DEFAULT 0
) ENGINE=InnoDB DEFAULT CHARSET=utf8mb4 COLLATE=utf8mb4_general_ci;

--
-- Gegevens worden geëxporteerd voor tabel `PlayerSelections`
--

INSERT INTO `PlayerSelections` (`Id`, `PlayerId`, `RaceId`, `CyclistId`, `IsActive`, `GameSessionId`) VALUES
(129, 1, 2, 396, 1, 4),
(131, 4, 2, 135, 1, 4),
(132, 4, 2, 12, 1, 4),
(134, 1, 2, 390, 1, 4),
(135, 1, 2, 387, 1, 4),
(137, 4, 2, 496, 1, 4),
(138, 4, 2, 280, 1, 4),
(140, 1, 2, 352, 1, 4),
(141, 1, 2, 502, 1, 4),
(143, 4, 2, 338, 1, 4),
(144, 4, 2, 81, 1, 4),
(146, 1, 2, 73, 1, 4),
(147, 1, 2, 439, 1, 4),
(149, 4, 2, 480, 1, 4),
(150, 4, 2, 260, 1, 4),
(152, 1, 2, 287, 1, 4),
(153, 1, 2, 132, 0, 4),
(155, 4, 2, 271, 0, 4),
(156, 4, 2, 175, 0, 4),
(158, 1, 2, 402, 0, 4),
(373, 1, 2, 86, 1, 28),
(376, 1, 2, 272, 1, 28),
(377, 1, 2, 436, 1, 28),
(380, 1, 2, 135, 1, 28),
(381, 1, 2, 313, 1, 28),
(384, 1, 2, 73, 1, 28),
(385, 1, 2, 352, 1, 28),
(388, 1, 2, 338, 1, 28),
(389, 1, 2, 402, 1, 28),
(392, 1, 2, 387, 1, 28),
(393, 1, 2, 439, 0, 28),
(396, 1, 2, 480, 0, 28),
(397, 1, 2, 260, 0, 28),
(400, 1, 2, 581, 0, 28),
(401, 1, 2, 184, 0, 28),
(433, 1, 19, 93, 1, 52),
(434, 4, 19, 340, 1, 52),
(435, 5, 19, 436, 1, 52),
(436, 5, 19, 390, 1, 52),
(437, 4, 19, 280, 1, 52),
(438, 1, 19, 12, 1, 52),
(439, 1, 19, 313, 1, 52),
(440, 4, 19, 396, 1, 52),
(441, 5, 19, 135, 1, 52),
(442, 5, 19, 73, 1, 52),
(443, 4, 19, 502, 1, 52),
(444, 1, 19, 272, 1, 52),
(445, 1, 19, 86, 1, 52),
(446, 4, 19, 81, 1, 52),
(447, 5, 19, 346, 1, 52),
(448, 5, 19, 352, 1, 52),
(449, 4, 19, 92, 1, 52),
(450, 1, 19, 484, 1, 52),
(451, 1, 19, 338, 1, 52),
(452, 4, 19, 233, 1, 52),
(453, 5, 19, 480, 1, 52),
(454, 5, 19, 387, 1, 52),
(455, 4, 19, 234, 1, 52),
(456, 1, 19, 496, 1, 52),
(457, 1, 19, 271, 1, 52),
(458, 4, 19, 260, 1, 52),
(459, 5, 19, 121, 1, 52),
(460, 5, 19, 303, 1, 52),
(461, 4, 19, 287, 1, 52),
(462, 1, 19, 132, 1, 52),
(463, 1, 19, 175, 0, 52),
(464, 4, 19, 184, 0, 52),
(465, 5, 19, 59, 0, 52),
(466, 5, 19, 239, 0, 52),
(467, 4, 19, 402, 0, 52),
(468, 1, 19, 74, 0, 52),
(469, 1, 19, 581, 0, 52),
(470, 4, 19, 485, 0, 52),
(471, 5, 19, 47, 0, 52),
(472, 5, 19, 267, 0, 52),
(473, 4, 19, 304, 0, 52),
(474, 1, 19, 28, 0, 52),
(475, 1, 19, 418, 0, 52),
(476, 4, 19, 433, 0, 52),
(477, 5, 19, 188, 0, 52),
(478, 1, 19, 338, 1, 53),
(479, 4, 19, 280, 1, 53),
(480, 5, 19, 340, 1, 53),
(481, 5, 19, 12, 1, 53),
(482, 4, 19, 436, 1, 53),
(483, 1, 19, 496, 1, 53),
(484, 1, 19, 272, 1, 53),
(485, 4, 19, 396, 1, 53),
(486, 5, 19, 390, 1, 53),
(487, 5, 19, 93, 1, 53),
(488, 4, 19, 233, 1, 53),
(489, 1, 19, 135, 1, 53),
(490, 1, 19, 86, 1, 53),
(491, 4, 19, 352, 1, 53),
(492, 5, 19, 402, 1, 53),
(493, 5, 19, 502, 1, 53),
(494, 4, 19, 92, 1, 53),
(495, 1, 19, 81, 1, 53),
(496, 1, 19, 387, 1, 53),
(497, 4, 19, 439, 1, 53),
(498, 5, 19, 484, 1, 53),
(499, 5, 19, 73, 1, 53),
(500, 4, 19, 234, 1, 53),
(501, 1, 19, 346, 1, 53),
(502, 1, 19, 121, 1, 53),
(503, 4, 19, 260, 1, 53),
(504, 5, 19, 287, 1, 53),
(505, 5, 19, 581, 1, 53),
(506, 4, 19, 303, 1, 53),
(507, 1, 19, 480, 1, 53),
(508, 1, 19, 132, 0, 53),
(509, 4, 19, 271, 0, 53),
(510, 5, 19, 184, 0, 53),
(511, 5, 19, 239, 0, 53),
(512, 4, 19, 175, 0, 53),
(513, 1, 19, 485, 0, 53),
(514, 1, 19, 74, 0, 53),
(515, 4, 19, 47, 0, 53),
(516, 5, 19, 304, 0, 53),
(517, 5, 19, 28, 0, 53),
(518, 4, 19, 188, 0, 53),
(519, 1, 19, 418, 0, 53),
(520, 1, 19, 433, 0, 53),
(521, 4, 19, 267, 0, 53),
(522, 5, 19, 142, 0, 53),
(523, 1, 19, 340, 1, 54),
(524, 4, 19, 496, 1, 54),
(525, 5, 19, 135, 1, 54),
(526, 5, 19, 272, 1, 54),
(527, 4, 19, 313, 1, 54),
(528, 1, 19, 436, 1, 54),
(529, 1, 19, 12, 1, 54),
(530, 4, 19, 390, 1, 54),
(531, 5, 19, 93, 1, 54),
(532, 5, 19, 86, 1, 54),
(533, 4, 19, 233, 1, 54),
(534, 1, 19, 73, 1, 54),
(535, 1, 19, 396, 1, 54),
(536, 4, 19, 280, 1, 54),
(537, 5, 19, 352, 1, 54),
(538, 5, 19, 502, 1, 54),
(539, 4, 19, 338, 1, 54),
(540, 1, 19, 387, 1, 54),
(541, 1, 19, 484, 1, 54),
(542, 4, 19, 92, 1, 54),
(543, 5, 19, 402, 1, 54),
(544, 5, 19, 234, 1, 54),
(545, 4, 19, 480, 1, 54),
(546, 1, 19, 439, 1, 54),
(547, 1, 19, 346, 1, 54),
(548, 4, 19, 81, 1, 54),
(549, 5, 19, 260, 1, 54),
(550, 5, 19, 121, 1, 54),
(551, 4, 19, 303, 1, 54),
(552, 1, 19, 581, 1, 54),
(553, 1, 19, 287, 0, 54),
(554, 4, 19, 271, 0, 54),
(555, 5, 19, 184, 0, 54),
(556, 5, 19, 132, 0, 54),
(557, 4, 19, 239, 0, 54),
(558, 1, 19, 175, 0, 54),
(559, 1, 19, 485, 0, 54),
(560, 4, 19, 59, 0, 54),
(561, 5, 19, 47, 0, 54),
(562, 5, 19, 74, 0, 54),
(563, 4, 19, 267, 0, 54),
(564, 1, 19, 304, 0, 54),
(565, 1, 19, 28, 0, 54),
(566, 4, 19, 188, 0, 54),
(567, 5, 19, 418, 0, 54),
(568, 1, 19, 280, 1, 56),
(569, 4, 19, 12, 1, 56),
(570, 5, 19, 436, 1, 56),
(571, 5, 19, 496, 1, 56),
(572, 4, 19, 272, 1, 56),
(573, 1, 19, 390, 1, 56),
(574, 1, 19, 396, 1, 56),
(575, 4, 19, 135, 1, 56),
(576, 5, 19, 313, 1, 56),
(577, 5, 19, 86, 1, 56),
(578, 4, 19, 93, 1, 56),
(579, 1, 19, 73, 1, 56),
(580, 1, 19, 502, 1, 56),
(581, 4, 19, 233, 1, 56),
(582, 5, 19, 338, 1, 56),
(583, 5, 19, 92, 1, 56),
(584, 4, 19, 81, 1, 56),
(585, 1, 19, 402, 1, 56),
(586, 1, 19, 484, 1, 56),
(587, 4, 19, 234, 1, 56),
(588, 5, 19, 346, 1, 56),
(589, 5, 19, 480, 1, 56),
(590, 4, 19, 121, 1, 56),
(591, 1, 19, 260, 1, 56),
(592, 1, 19, 303, 1, 56),
(593, 4, 19, 287, 1, 56),
(594, 5, 19, 439, 1, 56),
(595, 5, 19, 581, 1, 56),
(596, 4, 19, 132, 1, 56),
(597, 1, 19, 239, 1, 56),
(598, 1, 19, 271, 0, 56),
(599, 4, 19, 485, 0, 56),
(600, 5, 19, 74, 0, 56),
(601, 5, 19, 59, 0, 56),
(602, 4, 19, 47, 0, 56),
(603, 1, 19, 387, 0, 56),
(604, 1, 19, 304, 0, 56),
(605, 4, 19, 184, 0, 56),
(606, 5, 19, 28, 0, 56),
(607, 5, 19, 293, 0, 56),
(608, 4, 19, 222, 0, 56),
(609, 1, 19, 418, 0, 56),
(610, 1, 19, 188, 0, 56),
(611, 4, 19, 141, 0, 56),
(612, 5, 19, 195, 0, 56);

-- --------------------------------------------------------

--
-- Tabelstructuur voor tabel `PointsRules`
--

DROP TABLE IF EXISTS `PointsRules`;
CREATE TABLE `PointsRules` (
  `Id` int(11) NOT NULL,
  `Type` varchar(50) NOT NULL,
  `FromPosition` int(11) DEFAULT NULL,
  `ToPosition` int(11) DEFAULT NULL,
  `Points` int(11) NOT NULL
) ENGINE=InnoDB DEFAULT CHARSET=utf8mb4 COLLATE=utf8mb4_general_ci;

--
-- Gegevens worden geëxporteerd voor tabel `PointsRules`
--

INSERT INTO `PointsRules` (`Id`, `Type`, `FromPosition`, `ToPosition`, `Points`) VALUES
(1, 'Rit', 1, 1, 100),
(2, 'Rit', 2, 2, 80),
(3, 'Rit', 3, 3, 65),
(4, 'Rit', 4, 4, 55),
(5, 'Rit', 5, 5, 45),
(6, 'Rit', 6, 6, 35),
(7, 'Rit', 7, 7, 30),
(8, 'Rit', 8, 8, 25),
(9, 'Rit', 9, 9, 20),
(10, 'Rit', 10, 10, 17),
(11, 'Rit', 11, 11, 15),
(12, 'Rit', 12, 12, 14),
(13, 'Rit', 13, 13, 13),
(14, 'Rit', 14, 14, 12),
(15, 'Rit', 15, 15, 11),
(16, 'Rit', 16, 16, 10),
(17, 'Rit', 17, 17, 9),
(18, 'Rit', 18, 18, 8),
(19, 'Rit', 19, 19, 7),
(20, 'Rit', 20, 20, 6),
(21, 'Rit', 21, 21, 5),
(22, 'Rit', 22, 22, 4),
(23, 'Rit', 23, 23, 3),
(24, 'Rit', 24, 24, 2),
(25, 'Rit', 25, 25, 1),
(26, 'RodeTrui', 1, 1, 10),
(27, 'GroeneTrui', 1, 1, 10),
(28, 'BlauweTrui', 1, 1, 10),
(29, 'WitteTrui', 1, 1, 10);

-- --------------------------------------------------------

--
-- Tabelstructuur voor tabel `RaceEntries`
--

DROP TABLE IF EXISTS `RaceEntries`;
CREATE TABLE `RaceEntries` (
  `Id` int(11) NOT NULL,
  `RaceId` int(11) NOT NULL,
  `CyclistId` int(11) NOT NULL,
  `TeamId` int(11) DEFAULT NULL,
  `Status` longtext NOT NULL
) ENGINE=InnoDB DEFAULT CHARSET=utf8mb4 COLLATE=utf8mb4_general_ci;

--
-- Gegevens worden geëxporteerd voor tabel `RaceEntries`
--

INSERT INTO `RaceEntries` (`Id`, `RaceId`, `CyclistId`, `TeamId`, `Status`) VALUES
(1, 1, 2, 2, 'ACTIVE'),
(2, 1, 6, 1, 'ACTIVE'),
(3, 1, 12, 1, 'ACTIVE'),
(4, 1, 16, 8, 'ACTIVE'),
(5, 1, 17, 9, 'ACTIVE'),
(6, 1, 18, 10, 'ACTIVE'),
(7, 1, 20, 1, 'ACTIVE'),
(8, 1, 22, 5, 'ACTIVE'),
(9, 1, 25, 12, 'ACTIVE'),
(10, 1, 29, 8, 'ACTIVE'),
(11, 1, 30, 9, 'ACTIVE'),
(12, 1, 36, 3, 'ACTIVE'),
(13, 1, 39, 11, 'ACTIVE'),
(14, 1, 40, 10, 'ACTIVE'),
(15, 1, 41, 19, 'ACTIVE'),
(16, 1, 42, 3, 'ACTIVE'),
(17, 1, 43, 2, 'ACTIVE'),
(18, 1, 44, 10, 'ACTIVE'),
(19, 1, 49, 14, 'ACTIVE'),
(20, 1, 50, 5, 'ACTIVE'),
(21, 1, 51, 17, 'ACTIVE'),
(22, 1, 55, 1, 'ACTIVE'),
(23, 1, 56, 1, 'ACTIVE'),
(24, 1, 58, 16, 'ACTIVE'),
(25, 1, 63, 9, 'ACTIVE'),
(26, 1, 65, 5, 'ACTIVE'),
(27, 1, 73, 3, 'ACTIVE'),
(28, 1, 74, 1, 'ACTIVE'),
(29, 1, 75, 1, 'ACTIVE'),
(30, 1, 76, 16, 'ACTIVE'),
(31, 1, 79, 17, 'ACTIVE'),
(32, 1, 86, 13, 'ACTIVE'),
(33, 1, 93, 16, 'ACTIVE'),
(34, 1, 104, 7, 'ACTIVE'),
(35, 1, 106, 1, 'ACTIVE'),
(36, 1, 110, 7, 'ACTIVE'),
(37, 1, 111, 1, 'ACTIVE'),
(38, 1, 114, 14, 'ACTIVE'),
(39, 1, 116, 12, 'ACTIVE'),
(40, 1, 117, 12, 'ACTIVE'),
(41, 1, 122, 6, 'ACTIVE'),
(42, 1, 126, 12, 'ACTIVE'),
(43, 1, 136, 4, 'ACTIVE'),
(44, 1, 137, 16, 'ACTIVE'),
(45, 1, 139, 14, 'ACTIVE'),
(46, 1, 140, 8, 'ACTIVE'),
(47, 1, 145, 16, 'ACTIVE'),
(48, 1, 148, 13, 'ACTIVE'),
(49, 1, 150, 3, 'ACTIVE'),
(50, 1, 174, 2, 'ACTIVE'),
(51, 1, 180, 14, 'ACTIVE'),
(52, 1, 181, 2, 'ACTIVE'),
(53, 1, 187, 22, 'ACTIVE'),
(54, 1, 207, 11, 'ACTIVE'),
(55, 1, 208, 19, 'ACTIVE'),
(56, 1, 220, 7, 'ACTIVE'),
(57, 1, 224, 22, 'ACTIVE'),
(58, 1, 226, 15, 'ACTIVE'),
(59, 1, 240, 1, 'ACTIVE'),
(60, 1, 242, 2, 'ACTIVE'),
(61, 1, 246, 16, 'ACTIVE'),
(62, 1, 256, 22, 'ACTIVE'),
(63, 1, 257, 4, 'ACTIVE'),
(64, 1, 270, 14, 'ACTIVE'),
(65, 1, 272, 31, 'ACTIVE'),
(66, 1, 276, 17, 'ACTIVE'),
(67, 1, 283, 17, 'ACTIVE'),
(68, 1, 310, 13, 'ACTIVE'),
(69, 1, 338, 26, 'ACTIVE'),
(70, 1, 342, 15, 'ACTIVE'),
(71, 1, 347, 5, 'ACTIVE'),
(72, 1, 381, 2, 'ACTIVE'),
(73, 1, 390, 11, 'ACTIVE'),
(74, 1, 401, 12, 'ACTIVE'),
(75, 1, 406, 6, 'ACTIVE'),
(76, 1, 416, 28, 'ACTIVE'),
(77, 1, 419, 19, 'ACTIVE'),
(78, 1, 453, 12, 'ACTIVE'),
(79, 1, 457, 13, 'ACTIVE'),
(80, 1, 465, 7, 'ACTIVE'),
(81, 1, 470, 3, 'ACTIVE'),
(82, 1, 471, 3, 'ACTIVE'),
(83, 1, 473, 20, 'ACTIVE'),
(84, 1, 495, 26, 'ACTIVE'),
(85, 1, 498, 11, 'ACTIVE'),
(86, 1, 505, 13, 'ACTIVE'),
(87, 1, 527, 11, 'ACTIVE'),
(88, 1, 581, 15, 'ACTIVE'),
(89, 1, 637, 22, 'ACTIVE'),
(90, 1, 642, 13, 'ACTIVE'),
(91, 1, 643, 9, 'ACTIVE'),
(92, 1, 649, 2, 'ACTIVE'),
(128, 2, 1, 1, 'ACTIVE'),
(129, 2, 2, 2, 'ACTIVE'),
(130, 2, 3, 3, 'ACTIVE'),
(131, 2, 5, 2, 'ACTIVE'),
(132, 2, 7, 1, 'ACTIVE'),
(133, 2, 8, 5, 'ACTIVE'),
(134, 2, 9, 6, 'ACTIVE'),
(135, 2, 10, 4, 'ACTIVE'),
(136, 2, 12, 1, 'ACTIVE'),
(137, 2, 13, 7, 'ACTIVE'),
(138, 2, 14, 1, 'ACTIVE'),
(139, 2, 15, 2, 'ACTIVE'),
(140, 2, 18, 10, 'ACTIVE'),
(141, 2, 19, 5, 'ACTIVE'),
(142, 2, 21, 3, 'ACTIVE'),
(143, 2, 22, 5, 'ACTIVE'),
(144, 2, 23, 3, 'ACTIVE'),
(145, 2, 24, 11, 'ACTIVE'),
(146, 2, 27, 2, 'ACTIVE'),
(147, 2, 28, 13, 'ACTIVE'),
(148, 2, 30, 9, 'ACTIVE'),
(149, 2, 33, 14, 'ACTIVE'),
(150, 2, 34, 15, 'ACTIVE'),
(151, 2, 35, 5, 'ACTIVE'),
(152, 2, 38, 16, 'ACTIVE'),
(153, 2, 40, 10, 'ACTIVE'),
(154, 2, 41, 19, 'ACTIVE'),
(155, 2, 42, 3, 'ACTIVE'),
(156, 2, 43, 2, 'ACTIVE'),
(157, 2, 45, 9, 'ACTIVE'),
(158, 2, 46, 10, 'ACTIVE'),
(159, 2, 47, 14, 'ACTIVE'),
(160, 2, 54, 16, 'ACTIVE'),
(161, 2, 57, 14, 'ACTIVE'),
(162, 2, 60, 19, 'ACTIVE'),
(163, 2, 61, 3, 'ACTIVE'),
(164, 2, 63, 9, 'ACTIVE'),
(165, 2, 69, 20, 'ACTIVE'),
(166, 2, 75, 1, 'ACTIVE'),
(167, 2, 78, 8, 'ACTIVE'),
(168, 2, 79, 17, 'ACTIVE'),
(169, 2, 81, 21, 'ACTIVE'),
(170, 2, 83, 10, 'ACTIVE'),
(171, 2, 84, 18, 'ACTIVE'),
(172, 2, 85, 11, 'ACTIVE'),
(173, 2, 87, 8, 'ACTIVE'),
(174, 2, 95, 14, 'ACTIVE'),
(175, 2, 100, 9, 'ACTIVE'),
(176, 2, 101, 8, 'ACTIVE'),
(177, 2, 102, 12, 'ACTIVE'),
(178, 2, 108, 2, 'ACTIVE'),
(179, 2, 109, 22, 'ACTIVE'),
(180, 2, 113, 5, 'ACTIVE'),
(181, 2, 123, 2, 'ACTIVE'),
(182, 2, 127, 17, 'ACTIVE'),
(183, 2, 129, 12, 'ACTIVE'),
(184, 2, 130, 3, 'ACTIVE'),
(185, 2, 136, 4, 'ACTIVE'),
(186, 2, 169, 21, 'ACTIVE'),
(187, 2, 181, 2, 'ACTIVE'),
(188, 2, 182, 20, 'ACTIVE'),
(189, 2, 183, 9, 'ACTIVE'),
(190, 2, 190, 15, 'ACTIVE'),
(191, 2, 201, 3, 'ACTIVE'),
(192, 2, 210, 13, 'ACTIVE'),
(193, 2, 214, 5, 'ACTIVE'),
(194, 2, 217, 9, 'ACTIVE'),
(195, 2, 220, 7, 'ACTIVE'),
(196, 2, 235, 19, 'ACTIVE'),
(197, 2, 245, 3, 'ACTIVE'),
(198, 2, 269, 22, 'ACTIVE'),
(199, 2, 271, 13, 'ACTIVE'),
(200, 2, 357, 3, 'ACTIVE'),
(201, 2, 366, 3, 'ACTIVE'),
(202, 2, 387, 11, 'ACTIVE'),
(203, 2, 402, 5, 'ACTIVE'),
(204, 2, 417, 10, 'ACTIVE'),
(205, 2, 550, 11, 'ACTIVE'),
(255, 3, 5, 2, 'ACTIVE'),
(256, 3, 6, 1, 'ACTIVE'),
(257, 3, 11, 3, 'ACTIVE'),
(258, 3, 16, 8, 'ACTIVE'),
(259, 3, 19, 5, 'ACTIVE'),
(260, 3, 51, 17, 'ACTIVE'),
(261, 3, 54, 16, 'ACTIVE'),
(262, 3, 62, 8, 'ACTIVE'),
(263, 3, 69, 20, 'ACTIVE'),
(264, 3, 75, 1, 'ACTIVE'),
(265, 3, 79, 17, 'ACTIVE'),
(266, 3, 82, 4, 'ACTIVE'),
(267, 3, 102, 12, 'ACTIVE'),
(268, 3, 118, 2, 'ACTIVE'),
(269, 3, 123, 2, 'ACTIVE'),
(270, 3, 141, 4, 'ACTIVE'),
(271, 3, 145, 16, 'ACTIVE'),
(272, 3, 154, 2, 'ACTIVE'),
(273, 3, 163, 9, 'ACTIVE'),
(274, 3, 165, 21, 'ACTIVE'),
(275, 3, 171, 11, 'ACTIVE'),
(276, 3, 187, 22, 'ACTIVE'),
(277, 3, 190, 15, 'ACTIVE'),
(278, 3, 206, 10, 'ACTIVE'),
(279, 3, 246, 16, 'ACTIVE'),
(280, 3, 248, 15, 'ACTIVE'),
(281, 3, 253, 1, 'ACTIVE'),
(282, 3, 273, 24, 'ACTIVE'),
(283, 3, 298, 2, 'ACTIVE'),
(284, 3, 341, 17, 'ACTIVE'),
(285, 3, 348, 8, 'ACTIVE'),
(286, 3, 360, 16, 'ACTIVE'),
(287, 3, 388, 32, 'ACTIVE'),
(288, 3, 393, 26, 'ACTIVE'),
(289, 3, 400, 21, 'ACTIVE'),
(290, 3, 434, 2, 'ACTIVE'),
(291, 3, 438, 7, 'ACTIVE'),
(292, 3, 451, 2, 'ACTIVE'),
(293, 3, 481, 13, 'ACTIVE'),
(294, 3, 500, 16, 'ACTIVE'),
(295, 3, 514, 17, 'ACTIVE'),
(296, 3, 627, 2, 'ACTIVE'),
(297, 3, 716, 2, 'ACTIVE'),
(318, 1, 4, 4, '1'),
(319, 1, 26, 1, '1'),
(320, 1, 31, 10, '1'),
(321, 1, 32, 10, '1'),
(322, 1, 37, 15, '1'),
(323, 1, 48, 8, '1'),
(324, 1, 52, 9, '1'),
(325, 1, 53, 15, '1'),
(326, 1, 59, 18, '1'),
(327, 1, 64, 1, '1'),
(328, 1, 66, 1, '1'),
(329, 1, 67, 19, '1'),
(330, 1, 68, 5, '1'),
(331, 1, 70, 20, '1'),
(332, 1, 71, 12, '1'),
(333, 1, 72, 17, '1'),
(334, 1, 77, 1, '1'),
(335, 1, 80, 20, '1'),
(336, 1, 88, 10, '1'),
(337, 1, 89, 11, '1'),
(338, 2, 90, 15, '1'),
(339, 2, 91, 1, '1'),
(340, 2, 92, 11, '1'),
(341, 2, 94, 16, '1'),
(342, 2, 96, 18, '1'),
(343, 2, 97, 5, '1'),
(344, 2, 98, 18, '1'),
(345, 2, 99, 21, '1'),
(346, 2, 103, 18, '1'),
(347, 2, 105, 13, '1'),
(348, 2, 107, 2, '1'),
(349, 2, 112, 4, '1'),
(350, 2, 115, 21, '1'),
(351, 2, 119, 9, '1'),
(352, 2, 120, 10, '1'),
(353, 2, 121, 21, '1'),
(354, 2, 124, 20, '1'),
(355, 2, 125, 17, '1'),
(356, 2, 128, 17, '1'),
(357, 2, 131, 13, '1'),
(358, 3, 132, 8, '1'),
(359, 3, 133, 14, '1'),
(360, 3, 134, 16, '1'),
(361, 3, 135, 21, '1'),
(362, 3, 138, 4, '1'),
(363, 3, 142, 8, '1'),
(364, 3, 143, 18, '1'),
(365, 3, 144, 7, '1'),
(366, 3, 146, 8, '1'),
(367, 3, 147, 21, '1'),
(368, 3, 149, 13, '1'),
(369, 3, 151, 17, '1'),
(370, 3, 152, 11, '1'),
(371, 3, 153, 13, '1'),
(372, 3, 155, 8, '1'),
(373, 3, 156, 2, '1'),
(374, 3, 157, 20, '1'),
(375, 3, 158, 16, '1'),
(376, 3, 159, 31, '1'),
(377, 3, 160, 16, '1'),
(378, 2, 4, 4, '1'),
(379, 3, 4, 4, '1'),
(380, 2, 31, 10, '1'),
(381, 3, 31, 10, '1'),
(382, 1, 90, 15, '1'),
(383, 3, 90, 15, '1'),
(384, 1, 132, 8, '1'),
(385, 2, 132, 8, '1'),
(386, 1, 138, 4, '1'),
(387, 2, 138, 4, '1'),
(388, 1, 152, 11, '1'),
(389, 2, 152, 11, '1'),
(390, 1, 161, 5, '1'),
(391, 1, 162, 13, '1'),
(392, 1, 164, 8, '1'),
(393, 1, 166, 16, '1'),
(394, 1, 167, 6, '1'),
(395, 1, 168, 13, '1'),
(396, 1, 170, 13, '1'),
(397, 1, 172, 10, '1'),
(398, 1, 173, 18, '1'),
(399, 1, 175, 15, '1'),
(400, 1, 176, 5, '1'),
(401, 1, 177, 17, '1'),
(402, 1, 178, 12, '1'),
(403, 1, 179, 3, '1'),
(404, 1, 184, 5, '1'),
(405, 1, 185, 17, '1'),
(406, 1, 186, 6, '1'),
(407, 1, 188, 13, '1'),
(408, 1, 189, 1, '1'),
(409, 1, 191, 18, '1'),
(410, 1, 192, 17, '1'),
(411, 1, 193, 18, '1'),
(412, 1, 194, 14, '1'),
(413, 1, 195, 8, '1'),
(414, 1, 196, 8, '1'),
(415, 1, 197, 3, '1'),
(416, 1, 198, 15, '1'),
(417, 1, 199, 4, '1'),
(418, 1, 200, 1, '1'),
(419, 1, 202, 8, '1'),
(420, 1, 203, 7, '1'),
(421, 1, 204, 9, '1'),
(422, 1, 205, 11, '1'),
(423, 1, 209, 28, '1'),
(424, 1, 211, 6, '1'),
(425, 1, 212, 7, '1'),
(426, 1, 213, 19, '1'),
(427, 1, 215, 20, '1'),
(428, 1, 216, 15, '1'),
(429, 1, 218, 28, '1'),
(430, 1, 219, 3, '1'),
(431, 1, 221, 33, '1'),
(432, 1, 222, 2, '1'),
(433, 1, 223, 13, '1'),
(434, 1, 225, 16, '1'),
(435, 1, 227, 8, '1'),
(436, 1, 228, 3, '1'),
(437, 1, 229, 8, '1'),
(438, 1, 230, 13, '1'),
(439, 1, 231, 1, '1'),
(440, 2, 232, 7, '1'),
(441, 2, 233, 19, '1'),
(442, 2, 234, 18, '1'),
(443, 2, 236, 20, '1'),
(444, 2, 237, 19, '1'),
(445, 2, 238, 18, '1'),
(446, 2, 239, 16, '1'),
(447, 2, 241, 25, '1'),
(448, 2, 243, 26, '1'),
(449, 2, 244, 7, '1'),
(450, 2, 247, 7, '1'),
(451, 2, 249, 13, '1'),
(452, 2, 250, 11, '1'),
(453, 2, 251, 16, '1'),
(454, 2, 252, 13, '1'),
(455, 2, 254, 5, '1'),
(456, 2, 255, 18, '1'),
(457, 2, 258, 15, '1'),
(458, 2, 259, 1, '1'),
(459, 2, 260, 18, '1'),
(460, 2, 261, 5, '1'),
(461, 2, 262, 20, '1'),
(462, 2, 263, 8, '1'),
(463, 2, 264, 20, '1'),
(464, 2, 265, 17, '1'),
(465, 2, 266, 7, '1'),
(466, 2, 267, 13, '1'),
(467, 2, 268, 17, '1'),
(468, 2, 274, 7, '1'),
(469, 2, 275, 10, '1'),
(470, 2, 277, 21, '1'),
(471, 2, 278, 18, '1'),
(472, 2, 279, 9, '1'),
(473, 2, 280, 16, '1'),
(474, 2, 281, 5, '1'),
(475, 2, 282, 12, '1'),
(476, 2, 284, 8, '1'),
(477, 2, 285, 14, '1'),
(478, 2, 286, 18, '1'),
(479, 2, 287, 15, '1'),
(480, 2, 288, 11, '1'),
(481, 2, 289, 10, '1'),
(482, 2, 290, 17, '1'),
(483, 2, 291, 4, '1'),
(484, 2, 292, 22, '1'),
(485, 2, 293, 19, '1'),
(486, 2, 294, 19, '1'),
(487, 2, 295, 20, '1'),
(488, 2, 296, 28, '1'),
(489, 2, 297, 20, '1'),
(490, 3, 299, 6, '1'),
(491, 3, 300, 8, '1'),
(492, 3, 301, 2, '1'),
(493, 3, 302, 18, '1'),
(494, 3, 303, 12, '1'),
(495, 3, 304, 11, '1'),
(496, 3, 305, 13, '1'),
(497, 3, 306, 5, '1'),
(498, 3, 307, 15, '1'),
(499, 3, 308, 25, '1'),
(500, 3, 309, 28, '1'),
(501, 3, 311, 12, '1'),
(502, 3, 312, 9, '1'),
(503, 3, 313, 5, '1'),
(504, 3, 314, 19, '1'),
(505, 3, 315, 5, '1'),
(506, 3, 316, 25, '1'),
(507, 3, 317, 3, '1'),
(508, 3, 318, 7, '1'),
(509, 3, 319, 13, '1'),
(510, 3, 320, 25, '1'),
(511, 3, 321, 4, '1'),
(512, 3, 322, 11, '1'),
(513, 3, 323, 7, '1'),
(514, 3, 324, 1, '1'),
(515, 3, 325, 24, '1'),
(516, 3, 326, 24, '1'),
(517, 3, 327, 14, '1'),
(518, 3, 328, 21, '1'),
(519, 3, 329, 4, '1'),
(520, 3, 330, 5, '1'),
(521, 3, 331, 14, '1'),
(522, 3, 332, 25, '1'),
(523, 3, 333, 18, '1'),
(524, 3, 334, 15, '1'),
(525, 3, 335, 3, '1'),
(526, 3, 336, 6, '1'),
(527, 3, 337, 4, '1'),
(528, 3, 339, 20, '1'),
(529, 3, 340, 25, '1'),
(530, 3, 343, 13, '1'),
(531, 3, 344, 5, '1'),
(532, 3, 345, 12, '1'),
(533, 3, 346, 1, '1'),
(534, 3, 349, 12, '1'),
(535, 3, 350, 3, '1'),
(536, 3, 351, 13, '1'),
(537, 3, 352, 1, '1'),
(538, 3, 353, 20, '1'),
(539, 3, 354, 19, '1'),
(540, 2, 161, 5, '1'),
(541, 3, 161, 5, '1'),
(542, 2, 168, 13, '1'),
(543, 3, 168, 13, '1'),
(544, 2, 172, 10, '1'),
(545, 3, 172, 10, '1'),
(546, 2, 189, 1, '1'),
(547, 3, 189, 1, '1'),
(548, 2, 196, 8, '1'),
(549, 3, 196, 8, '1'),
(550, 2, 200, 1, '1'),
(551, 3, 204, 9, '1'),
(552, 2, 222, 2, '1'),
(553, 3, 228, 3, '1'),
(554, 1, 263, 8, '1'),
(555, 3, 263, 8, '1'),
(556, 1, 265, 17, '1'),
(557, 3, 265, 17, '1'),
(558, 1, 279, 9, '1'),
(559, 3, 279, 9, '1'),
(560, 1, 289, 10, '1'),
(561, 1, 301, 2, '1'),
(562, 2, 301, 2, '1'),
(563, 1, 321, 4, '1'),
(564, 2, 321, 4, '1'),
(565, 1, 344, 5, '1'),
(566, 2, 344, 5, '1'),
(567, 1, 355, 20, '1'),
(568, 1, 356, 23, '1'),
(569, 1, 358, 18, '1'),
(570, 1, 359, 12, '1'),
(571, 1, 361, 15, '1'),
(572, 1, 362, 4, '1'),
(573, 1, 363, 18, '1'),
(574, 1, 364, 15, '1'),
(575, 1, 365, 16, '1'),
(576, 1, 367, 32, '1'),
(577, 1, 368, 24, '1'),
(578, 1, 369, 10, '1'),
(579, 1, 370, 7, '1'),
(580, 1, 371, 4, '1'),
(581, 1, 372, 22, '1'),
(582, 1, 373, 11, '1'),
(583, 1, 374, 7, '1'),
(584, 1, 375, 7, '1'),
(585, 1, 376, 7, '1'),
(586, 1, 377, 8, '1'),
(587, 1, 378, 13, '1'),
(588, 1, 379, 17, '1'),
(589, 1, 380, 18, '1'),
(590, 1, 382, 6, '1'),
(591, 1, 383, 22, '1'),
(592, 1, 384, 25, '1'),
(593, 1, 385, 26, '1'),
(594, 1, 386, 13, '1'),
(595, 1, 389, 5, '1'),
(596, 1, 391, 3, '1'),
(597, 1, 392, 19, '1'),
(598, 1, 394, 22, '1'),
(599, 1, 395, 20, '1'),
(600, 1, 396, 10, '1'),
(601, 1, 397, 5, '1'),
(602, 1, 398, 19, '1'),
(603, 1, 399, 17, '1'),
(604, 1, 403, 9, '1'),
(605, 1, 404, 24, '1'),
(606, 1, 405, 6, '1'),
(607, 2, 407, 10, '1'),
(608, 2, 408, 3, '1'),
(609, 2, 409, 28, '1'),
(610, 2, 410, 10, '1'),
(611, 2, 411, 18, '1'),
(612, 2, 412, 13, '1'),
(613, 2, 413, 15, '1'),
(614, 2, 414, 18, '1'),
(615, 2, 415, 13, '1'),
(616, 2, 418, 10, '1'),
(617, 2, 420, 19, '1'),
(618, 2, 421, 17, '1'),
(619, 2, 422, 24, '1'),
(620, 2, 423, 18, '1'),
(621, 2, 424, 12, '1'),
(622, 2, 425, 18, '1'),
(623, 2, 426, 1, '1'),
(624, 2, 427, 6, '1'),
(625, 2, 428, 22, '1'),
(626, 2, 429, 23, '1'),
(627, 2, 430, 21, '1'),
(628, 2, 431, 21, '1'),
(629, 2, 432, 15, '1'),
(630, 2, 433, 19, '1'),
(631, 2, 435, 18, '1'),
(632, 2, 436, 15, '1'),
(633, 2, 437, 7, '1'),
(634, 2, 439, 11, '1'),
(635, 2, 440, 17, '1'),
(636, 2, 441, 25, '1'),
(637, 2, 442, 21, '1'),
(638, 2, 443, 5, '1'),
(639, 2, 444, 26, '1'),
(640, 2, 445, 1, '1'),
(641, 2, 446, 2, '1'),
(642, 2, 447, 19, '1'),
(643, 2, 448, 21, '1'),
(644, 2, 449, 10, '1'),
(645, 2, 450, 25, '1'),
(646, 2, 452, 24, '1'),
(647, 3, 454, 20, '1'),
(648, 3, 455, 10, '1'),
(649, 3, 456, 4, '1'),
(650, 3, 458, 4, '1'),
(651, 3, 459, 9, '1'),
(652, 3, 460, 4, '1'),
(653, 3, 461, 17, '1'),
(654, 3, 462, 11, '1'),
(655, 3, 463, 14, '1'),
(656, 3, 464, 7, '1'),
(657, 3, 466, 9, '1'),
(658, 3, 467, 22, '1'),
(659, 3, 468, 3, '1'),
(660, 3, 469, 22, '1'),
(661, 3, 472, 23, '1'),
(662, 3, 474, 24, '1'),
(663, 3, 475, 31, '1'),
(664, 3, 476, 7, '1'),
(665, 3, 477, 11, '1'),
(666, 3, 478, 8, '1'),
(667, 3, 479, 23, '1'),
(668, 3, 480, 19, '1'),
(669, 3, 482, 13, '1'),
(670, 3, 483, 20, '1'),
(671, 3, 484, 18, '1'),
(672, 3, 485, 8, '1'),
(673, 3, 486, 28, '1'),
(674, 3, 487, 8, '1'),
(675, 3, 488, 32, '1'),
(676, 3, 489, 28, '1'),
(677, 3, 490, 18, '1'),
(678, 3, 491, 25, '1'),
(679, 3, 492, 13, '1'),
(680, 3, 493, 10, '1'),
(681, 3, 494, 13, '1'),
(682, 3, 496, 3, '1'),
(683, 3, 497, 20, '1'),
(684, 3, 499, 4, '1'),
(685, 3, 501, 12, '1'),
(686, 3, 502, 28, '1'),
(687, 2, 355, 20, '1'),
(688, 3, 355, 20, '1'),
(689, 2, 362, 4, '1'),
(690, 3, 369, 10, '1'),
(691, 2, 374, 7, '1'),
(692, 3, 378, 13, '1'),
(693, 2, 389, 5, '1'),
(694, 3, 389, 5, '1'),
(695, 2, 394, 22, '1'),
(696, 3, 403, 9, '1'),
(697, 1, 407, 10, '1'),
(698, 3, 410, 10, '1'),
(699, 1, 418, 10, '1'),
(700, 3, 426, 1, '1'),
(701, 1, 437, 7, '1'),
(702, 3, 443, 5, '1'),
(703, 1, 455, 10, '1'),
(704, 2, 460, 4, '1'),
(705, 1, 468, 3, '1'),
(706, 2, 475, 31, '1'),
(707, 1, 487, 8, '1'),
(708, 2, 493, 10, '1');

-- --------------------------------------------------------

--
-- Tabelstructuur voor tabel `Races`
--

DROP TABLE IF EXISTS `Races`;
CREATE TABLE `Races` (
  `Id` int(11) NOT NULL,
  `Name` varchar(150) NOT NULL,
  `Year` int(11) NOT NULL,
  `StartDate` datetime(6) DEFAULT NULL,
  `EndDate` datetime(6) DEFAULT NULL
) ENGINE=InnoDB DEFAULT CHARSET=utf8mb4 COLLATE=utf8mb4_general_ci;

--
-- Gegevens worden geëxporteerd voor tabel `Races`
--

INSERT INTO `Races` (`Id`, `Name`, `Year`, `StartDate`, `EndDate`) VALUES
(1, 'Giro d\'Italia', 2026, '2026-05-08 00:00:00.000000', '2026-05-31 00:00:00.000000'),
(2, 'Tour de France', 2026, '2026-07-04 00:00:00.000000', '2026-07-26 00:00:00.000000'),
(3, 'Vuelta a España', 2026, '2026-08-22 00:00:00.000000', '2026-09-13 00:00:00.000000'),
(5, 'Milano-Sanremo', 2026, '2026-03-21 00:00:00.000000', '2026-03-21 00:00:00.000000'),
(7, 'Omloop Het Nieuwsblad', 2026, '2026-02-28 00:00:00.000000', '2026-02-28 00:00:00.000000'),
(8, 'Kuurne-Brussel-Kuurne', 2026, '2026-03-01 00:00:00.000000', '2026-03-01 00:00:00.000000'),
(9, 'Le Samyn', 2026, '2026-03-03 00:00:00.000000', '2026-03-03 00:00:00.000000'),
(10, 'Strade Bianche', 2026, '2026-03-07 00:00:00.000000', '2026-03-07 00:00:00.000000'),
(11, 'Classic Brugge-De Panne', 2026, '2026-03-25 00:00:00.000000', '2026-03-25 00:00:00.000000'),
(12, 'E3 Saxo Classic', 2026, '2026-03-27 00:00:00.000000', '2026-03-27 00:00:00.000000'),
(13, 'Gent-Wevelgem', 2026, '2026-03-29 00:00:00.000000', '2026-03-29 00:00:00.000000'),
(14, 'Dwars door Vlaanderen', 2026, '2026-04-01 00:00:00.000000', '2026-04-01 00:00:00.000000'),
(15, 'Ronde van Vlaanderen', 2026, '2026-04-05 00:00:00.000000', '2026-04-05 00:00:00.000000'),
(16, 'Scheldeprijs', 2026, '2026-04-08 00:00:00.000000', '2026-04-08 00:00:00.000000'),
(17, 'Paris-Roubaix', 2026, '2026-04-12 00:00:00.000000', '2026-04-12 00:00:00.000000'),
(18, 'Brabantse Pijl', 2026, '2026-04-17 00:00:00.000000', '2026-04-17 00:00:00.000000'),
(19, 'Amstel Gold Race', 2026, '2026-04-19 00:00:00.000000', '2026-04-19 00:00:00.000000'),
(20, 'La Flèche Wallonne', 2026, '2026-04-22 00:00:00.000000', '2026-04-22 00:00:00.000000'),
(21, 'Liège-Bastogne-Liège', 2026, '2026-04-26 00:00:00.000000', '2026-04-26 00:00:00.000000');

-- --------------------------------------------------------

--
-- Tabelstructuur voor tabel `StageResults`
--

DROP TABLE IF EXISTS `StageResults`;
CREATE TABLE `StageResults` (
  `Id` int(11) NOT NULL,
  `StageId` int(11) NOT NULL,
  `CyclistId` int(11) NOT NULL,
  `Position` int(11) DEFAULT NULL,
  `Status` longtext NOT NULL
) ENGINE=InnoDB DEFAULT CHARSET=utf8mb4 COLLATE=utf8mb4_general_ci;

--
-- Gegevens worden geëxporteerd voor tabel `StageResults`
--

INSERT INTO `StageResults` (`Id`, `StageId`, `CyclistId`, `Position`, `Status`) VALUES
(53, 100, 53, 1, 'Finished'),
(54, 100, 430, 2, 'Finished');

-- --------------------------------------------------------

--
-- Tabelstructuur voor tabel `Stages`
--

DROP TABLE IF EXISTS `Stages`;
CREATE TABLE `Stages` (
  `Id` int(11) NOT NULL,
  `RaceId` int(11) NOT NULL,
  `StageNumber` int(11) NOT NULL,
  `Name` longtext NOT NULL,
  `Date` datetime(6) DEFAULT NULL,
  `StartLat` double DEFAULT NULL,
  `StartLng` double DEFAULT NULL,
  `EndLat` double DEFAULT NULL,
  `EndLng` double DEFAULT NULL
) ENGINE=InnoDB DEFAULT CHARSET=utf8mb4 COLLATE=utf8mb4_general_ci;

--
-- Gegevens worden geëxporteerd voor tabel `Stages`
--

INSERT INTO `Stages` (`Id`, `RaceId`, `StageNumber`, `Name`, `Date`, `StartLat`, `StartLng`, `EndLat`, `EndLng`) VALUES
(1, 1, 1, 'Nessebar - Burgas', '2026-05-08 00:00:00.000000', NULL, NULL, NULL, NULL),
(2, 1, 2, 'Burgas - Veliko Tarnovo', '2026-05-09 00:00:00.000000', NULL, NULL, NULL, NULL),
(3, 1, 3, 'Plovdiv - Sofia', '2026-05-10 00:00:00.000000', NULL, NULL, NULL, NULL),
(4, 1, 4, 'Catanzaro - Cosenza', '2026-05-12 00:00:00.000000', NULL, NULL, NULL, NULL),
(5, 1, 5, 'Praia a Mare - Potenza', '2026-05-13 00:00:00.000000', NULL, NULL, NULL, NULL),
(6, 1, 6, 'Paestum - Napoli', '2026-05-14 00:00:00.000000', NULL, NULL, NULL, NULL),
(7, 1, 7, 'Formia - Blockhaus', '2026-05-15 00:00:00.000000', NULL, NULL, NULL, NULL),
(8, 1, 8, 'Chieti - Fermo', '2026-05-16 00:00:00.000000', NULL, NULL, NULL, NULL),
(9, 1, 9, 'Cervia - Corno alle Scale', '2026-05-17 00:00:00.000000', NULL, NULL, NULL, NULL),
(10, 1, 10, 'Viareggio - Massa (ITT)', '2026-05-19 00:00:00.000000', NULL, NULL, NULL, NULL),
(11, 1, 11, 'Porcari - Chiavari', '2026-05-20 00:00:00.000000', NULL, NULL, NULL, NULL),
(12, 1, 12, 'Imperia - Novi Ligure', '2026-05-21 00:00:00.000000', NULL, NULL, NULL, NULL),
(13, 1, 13, 'Alessandria - Verbania', '2026-05-22 00:00:00.000000', NULL, NULL, NULL, NULL),
(14, 1, 14, 'Aosta - Pila (Gressan)', '2026-05-23 00:00:00.000000', NULL, NULL, NULL, NULL),
(15, 1, 15, 'Voghera - Milano', '2026-05-24 00:00:00.000000', NULL, NULL, NULL, NULL),
(16, 1, 16, 'Bellinzona - Carì', '2026-05-26 00:00:00.000000', NULL, NULL, NULL, NULL),
(17, 1, 17, 'Cassano d\'Adda - Andalo', '2026-05-27 00:00:00.000000', NULL, NULL, NULL, NULL),
(18, 1, 18, 'Fai della Paganella - Pieve di Soligo', '2026-05-28 00:00:00.000000', NULL, NULL, NULL, NULL),
(19, 1, 19, 'Feltre - Alleghe (Piani di Pezzè)', '2026-05-29 00:00:00.000000', NULL, NULL, NULL, NULL),
(20, 1, 20, 'Gemona del Friuli 1976-2026 - Piancavallo', '2026-05-30 00:00:00.000000', NULL, NULL, NULL, NULL),
(21, 1, 21, 'Roma - Roma', '2026-05-31 00:00:00.000000', NULL, NULL, NULL, NULL),
(22, 2, 1, 'Barcelone - Barcelone', '2026-07-04 00:00:00.000000', NULL, NULL, NULL, NULL),
(23, 2, 2, 'Tarragone - Barcelone', '2026-07-05 00:00:00.000000', NULL, NULL, NULL, NULL),
(24, 2, 3, 'Granollers - Les Angles', '2026-07-06 00:00:00.000000', NULL, NULL, NULL, NULL),
(25, 2, 4, 'Carcassonne - Foix', '2026-07-07 00:00:00.000000', NULL, NULL, NULL, NULL),
(26, 2, 5, 'Lannemezan - Pau', '2026-07-08 00:00:00.000000', NULL, NULL, NULL, NULL),
(27, 2, 6, 'Pau - Gavarnie-Gèdre', '2026-07-09 00:00:00.000000', NULL, NULL, NULL, NULL),
(28, 2, 7, 'Hagetmau - Bordeaux', '2026-07-10 00:00:00.000000', NULL, NULL, NULL, NULL),
(29, 2, 8, 'Périgueux - Bergerac', '2026-07-11 00:00:00.000000', NULL, NULL, NULL, NULL),
(30, 2, 9, 'Malemort - Ussel', '2026-07-12 00:00:00.000000', NULL, NULL, NULL, NULL),
(31, 2, 10, 'Aurillac - Le Lioran', '2026-07-14 00:00:00.000000', NULL, NULL, NULL, NULL),
(32, 2, 11, 'Vichy - Nevers', '2026-07-15 00:00:00.000000', NULL, NULL, NULL, NULL),
(33, 2, 12, 'Nevers - Chalon-sur-Saône', '2026-07-16 00:00:00.000000', NULL, NULL, NULL, NULL),
(34, 2, 13, 'Dole - Belfort', '2026-07-17 00:00:00.000000', NULL, NULL, NULL, NULL),
(35, 2, 14, 'Mulhouse - Le Markstein Fellering', '2026-07-18 00:00:00.000000', NULL, NULL, NULL, NULL),
(36, 2, 15, 'Champagnole - Plateau de Solaison', '2026-07-19 00:00:00.000000', NULL, NULL, NULL, NULL),
(37, 2, 16, 'Évian-les-Bains - Thonon-les-Bains', '2026-07-21 00:00:00.000000', NULL, NULL, NULL, NULL),
(38, 2, 17, 'Chambery - Voiron', '2026-07-22 00:00:00.000000', NULL, NULL, NULL, NULL),
(39, 2, 18, 'Voiron - Orcières-Merlette', '2026-07-23 00:00:00.000000', NULL, NULL, NULL, NULL),
(40, 2, 19, 'Gap - Alpe d\'Huez', '2026-07-24 00:00:00.000000', NULL, NULL, NULL, NULL),
(41, 2, 20, 'Le Bourg d\'Oisans - Alpe d\'Huez', '2026-07-25 00:00:00.000000', NULL, NULL, NULL, NULL),
(42, 2, 21, 'Thoiry - Paris Champs-Élysées', '2026-07-26 00:00:00.000000', NULL, NULL, NULL, NULL),
(43, 3, 1, 'Monaco - Monaco', '2026-08-22 00:00:00.000000', NULL, NULL, NULL, NULL),
(44, 3, 2, 'Monaco - Manosque', '2026-08-23 00:00:00.000000', NULL, NULL, NULL, NULL),
(45, 3, 3, 'Gruissan - Aude - Font Romeu', '2026-08-24 00:00:00.000000', NULL, NULL, NULL, NULL),
(46, 3, 4, 'Andorra la Vella - Andorra la Vella', '2026-08-25 00:00:00.000000', NULL, NULL, NULL, NULL),
(47, 3, 5, 'Falset - Costa Daurada - Roquetes - Terres de l\'Ebre', '2026-08-26 00:00:00.000000', NULL, NULL, NULL, NULL),
(48, 3, 6, 'Alcossebre - Castelló', '2026-08-27 00:00:00.000000', NULL, NULL, NULL, NULL),
(49, 3, 7, 'Vall d\'Alba - Aramón Valdelinares', '2026-08-28 00:00:00.000000', NULL, NULL, NULL, NULL),
(50, 3, 8, 'Puçol - Xeraco', '2026-08-29 00:00:00.000000', NULL, NULL, NULL, NULL),
(51, 3, 9, 'La Vila Joiosa / Villajoyosa - Alto de Aitana - Costa Blanca', '2026-08-30 00:00:00.000000', NULL, NULL, NULL, NULL),
(52, 3, 10, 'Alcaraz - Elche de la Sierra', '2026-09-01 00:00:00.000000', NULL, NULL, NULL, NULL),
(53, 3, 11, 'Cartagena - Lorca', '2026-09-02 00:00:00.000000', NULL, NULL, NULL, NULL),
(54, 3, 12, 'Vera - Calar Alto', '2026-09-03 00:00:00.000000', NULL, NULL, NULL, NULL),
(55, 3, 13, 'Almuñécar - Loja', '2026-09-04 00:00:00.000000', NULL, NULL, NULL, NULL),
(56, 3, 14, 'Jaén - Sierra de La Pandera', '2026-09-05 00:00:00.000000', NULL, NULL, NULL, NULL),
(57, 3, 15, 'Palma del Río - Córdoba', '2026-09-06 00:00:00.000000', NULL, NULL, NULL, NULL),
(58, 3, 16, 'Cortegana - La Rábida - Palos de la Frontera', '2026-09-08 00:00:00.000000', NULL, NULL, NULL, NULL),
(59, 3, 17, 'Dos Hermanas - Sevilla', '2026-09-09 00:00:00.000000', NULL, NULL, NULL, NULL),
(60, 3, 18, 'El Puerto Santa María - Jerez de la Frontera', '2026-09-10 00:00:00.000000', NULL, NULL, NULL, NULL),
(61, 3, 19, 'Vélez-Málaga - Peñas Blancas - Estepona', '2026-09-11 00:00:00.000000', NULL, NULL, NULL, NULL),
(62, 3, 20, 'La Calahorra - Collado del Alguacil', '2026-09-12 00:00:00.000000', NULL, NULL, NULL, NULL),
(63, 3, 21, 'Carrefour Granada - Granada', '2026-09-13 00:00:00.000000', NULL, NULL, NULL, NULL),
(87, 5, 1, 'Pavia > Sanremo', '2026-03-21 00:00:00.000000', NULL, NULL, NULL, NULL),
(88, 7, 1, 'Omloop Het Nieuwsblad', '2026-02-28 00:00:00.000000', NULL, NULL, NULL, NULL),
(89, 8, 1, 'Kuurne-Brussel-Kuurne', '2026-03-01 00:00:00.000000', NULL, NULL, NULL, NULL),
(90, 9, 1, 'Le Samyn', '2026-03-03 00:00:00.000000', NULL, NULL, NULL, NULL),
(91, 10, 1, 'Strade Bianche', '2026-03-07 00:00:00.000000', NULL, NULL, NULL, NULL),
(92, 11, 1, 'Classic Brugge-De Panne', '2026-03-25 00:00:00.000000', NULL, NULL, NULL, NULL),
(93, 12, 1, 'E3 Saxo Classic', '2026-03-27 00:00:00.000000', NULL, NULL, NULL, NULL),
(94, 13, 1, 'Gent-Wevelgem', '2026-03-29 00:00:00.000000', NULL, NULL, NULL, NULL),
(95, 14, 1, 'Dwars door Vlaanderen', '2026-04-01 00:00:00.000000', NULL, NULL, NULL, NULL),
(96, 15, 1, 'Ronde van Vlaanderen', '2026-04-05 00:00:00.000000', NULL, NULL, NULL, NULL),
(97, 16, 1, 'Scheldeprijs', '2026-04-08 00:00:00.000000', NULL, NULL, NULL, NULL),
(98, 17, 1, 'Paris-Roubaix', '2026-04-12 00:00:00.000000', NULL, NULL, NULL, NULL),
(99, 18, 1, 'Brabantse Pijl', '2026-04-17 00:00:00.000000', NULL, NULL, NULL, NULL),
(100, 19, 1, 'Amstel Gold Race', '2026-04-19 00:00:00.000000', NULL, NULL, NULL, NULL),
(101, 20, 1, 'La Flèche Wallonne', '2026-04-22 00:00:00.000000', NULL, NULL, NULL, NULL),
(102, 21, 1, 'Liège-Bastogne-Liège', '2026-04-26 00:00:00.000000', NULL, NULL, NULL, NULL);

-- --------------------------------------------------------

--
-- Tabelstructuur voor tabel `Teams`
--

DROP TABLE IF EXISTS `Teams`;
CREATE TABLE `Teams` (
  `Id` int(11) NOT NULL,
  `Name` longtext NOT NULL,
  `Tag` varchar(255) NOT NULL
) ENGINE=InnoDB DEFAULT CHARSET=utf8mb4 COLLATE=utf8mb4_general_ci;

--
-- Gegevens worden geëxporteerd voor tabel `Teams`
--

INSERT INTO `Teams` (`Id`, `Name`, `Tag`) VALUES
(1, 'UAE Team Emirates-XRG', 'WT'),
(2, 'Team Visma | Lease a Bike', 'WT'),
(3, 'Red Bull-BORA-hansgrohe', 'WT'),
(4, 'Alpecin-Premier Tech', 'WT'),
(5, 'Lidl-Trek', 'WT'),
(6, 'Pinarello-Q36.5 Pro Cycling Team', 'PrT'),
(7, 'NSN Cycling Team', 'PrT'),
(8, 'Decathlon CMA CGM Team', 'WT'),
(9, 'Soudal Quick-Step', 'WT'),
(10, 'INEOS Grenadiers', 'WT'),
(11, 'EF Education-EasyPost', 'WT'),
(12, 'Team Jayco-AlUla', 'WT'),
(13, 'Lotto-Intermarché', 'WT'),
(14, 'Bahrain Victorious', 'WT'),
(15, 'Uno-X Mobility', 'PrT'),
(16, 'XDS Astana Team', 'WT'),
(17, 'Movistar Team', 'WT'),
(18, 'Team TotalEnergies', 'PrT'),
(19, 'Tudor Pro Cycling Team', 'PrT'),
(20, 'Groupama-FDJ United', 'WT'),
(21, 'Cofidis', 'WT'),
(22, 'Team Picnic PostNL', 'WT'),
(23, 'Team Flanders-Baloise', 'CT'),
(24, 'Equipo Kern Pharma', 'PrT'),
(25, 'Caja Rural-Seguros RGA', 'PrT'),
(26, 'Bardiani CSF 7 Saber', 'PrT'),
(27, 'MBH Bank Ballan Telecom Fort', 'CT'),
(28, 'Team Polti VisitMalta', 'CT'),
(29, 'Unibet Rose Rockets', 'CT'),
(30, 'Modern Adventure Pro Cycling', 'CT'),
(31, 'Solution Tech-NIPPO-Rali', 'CT'),
(32, 'Burgos Burpellet BH', 'PrT'),
(33, 'Team Novo Nordisk', 'PrT');

-- --------------------------------------------------------

--
-- Tabelstructuur voor tabel `__EFMigrationsHistory`
--

DROP TABLE IF EXISTS `__EFMigrationsHistory`;
CREATE TABLE `__EFMigrationsHistory` (
  `MigrationId` varchar(150) NOT NULL,
  `ProductVersion` varchar(32) NOT NULL
) ENGINE=InnoDB DEFAULT CHARSET=utf8mb4 COLLATE=utf8mb4_general_ci;

--
-- Gegevens worden geëxporteerd voor tabel `__EFMigrationsHistory`
--

INSERT INTO `__EFMigrationsHistory` (`MigrationId`, `ProductVersion`) VALUES
('20260421130529_InitialCreate', '10.0.0'),
('20260422113306_AddPlayerDraftFields', '10.0.0'),
('20260422114505_RemoveUniqueOnTeamTag', '9.0.0'),
('20260427114144_InitialCreate', '9.0.0'),
('20260427132427_FixPlayerPointsRelations', '9.0.0'),
('20260429103518_AddGameSession', '9.0.0'),
('20260429110124_FixGameSessionUniqueIndexes', '9.0.0'),
('20260429120809_AddGameSessionToPlayerPoints', '9.0.0'),
('20260430095136_AddStageToGameSession', '9.0.0');

--
-- Indexen voor geëxporteerde tabellen
--

--
-- Indexen voor tabel `Cyclists`
--
ALTER TABLE `Cyclists`
  ADD PRIMARY KEY (`Id`),
  ADD KEY `IX_Cyclists_TeamId` (`TeamId`);

--
-- Indexen voor tabel `DraftTurns`
--
ALTER TABLE `DraftTurns`
  ADD PRIMARY KEY (`Id`),
  ADD UNIQUE KEY `IX_DraftTurns_GameSessionId_TurnNumber` (`GameSessionId`,`TurnNumber`),
  ADD KEY `IX_DraftTurns_CyclistId` (`CyclistId`),
  ADD KEY `IX_DraftTurns_PlayerId` (`PlayerId`),
  ADD KEY `IX_DraftTurns_RaceId` (`RaceId`);

--
-- Indexen voor tabel `GameSessions`
--
ALTER TABLE `GameSessions`
  ADD PRIMARY KEY (`Id`),
  ADD KEY `IX_GameSessions_RaceId` (`RaceId`),
  ADD KEY `IX_GameSessions_StageId` (`StageId`);

--
-- Indexen voor tabel `Jerseys`
--
ALTER TABLE `Jerseys`
  ADD PRIMARY KEY (`Id`),
  ADD KEY `IX_Jerseys_CyclistId` (`CyclistId`),
  ADD KEY `IX_Jerseys_StageId` (`StageId`);

--
-- Indexen voor tabel `PlayerPoints`
--
ALTER TABLE `PlayerPoints`
  ADD PRIMARY KEY (`Id`),
  ADD KEY `IX_PlayerPoints_CyclistId` (`CyclistId`),
  ADD KEY `IX_PlayerPoints_PlayerId` (`PlayerId`),
  ADD KEY `IX_PlayerPoints_RaceId` (`RaceId`),
  ADD KEY `IX_PlayerPoints_StageId` (`StageId`),
  ADD KEY `IX_PlayerPoints_GameSessionId` (`GameSessionId`);

--
-- Indexen voor tabel `Players`
--
ALTER TABLE `Players`
  ADD PRIMARY KEY (`Id`);

--
-- Indexen voor tabel `PlayerSelections`
--
ALTER TABLE `PlayerSelections`
  ADD PRIMARY KEY (`Id`),
  ADD UNIQUE KEY `IX_PlayerSelections_GameSessionId_CyclistId` (`GameSessionId`,`CyclistId`),
  ADD KEY `IX_PlayerSelections_CyclistId` (`CyclistId`),
  ADD KEY `IX_PlayerSelections_RaceId` (`RaceId`),
  ADD KEY `IX_PlayerSelections_GameSessionId` (`GameSessionId`),
  ADD KEY `IX_PlayerSelections_PlayerId` (`PlayerId`);

--
-- Indexen voor tabel `PointsRules`
--
ALTER TABLE `PointsRules`
  ADD PRIMARY KEY (`Id`);

--
-- Indexen voor tabel `RaceEntries`
--
ALTER TABLE `RaceEntries`
  ADD PRIMARY KEY (`Id`),
  ADD UNIQUE KEY `IX_RaceEntries_RaceId_CyclistId` (`RaceId`,`CyclistId`),
  ADD KEY `IX_RaceEntries_CyclistId` (`CyclistId`),
  ADD KEY `IX_RaceEntries_TeamId` (`TeamId`);

--
-- Indexen voor tabel `Races`
--
ALTER TABLE `Races`
  ADD PRIMARY KEY (`Id`),
  ADD UNIQUE KEY `IX_Races_Name_Year` (`Name`,`Year`);

--
-- Indexen voor tabel `StageResults`
--
ALTER TABLE `StageResults`
  ADD PRIMARY KEY (`Id`),
  ADD UNIQUE KEY `IX_StageResults_StageId_CyclistId` (`StageId`,`CyclistId`),
  ADD KEY `IX_StageResults_CyclistId` (`CyclistId`);

--
-- Indexen voor tabel `Stages`
--
ALTER TABLE `Stages`
  ADD PRIMARY KEY (`Id`),
  ADD UNIQUE KEY `IX_Stages_RaceId_StageNumber` (`RaceId`,`StageNumber`);

--
-- Indexen voor tabel `Teams`
--
ALTER TABLE `Teams`
  ADD PRIMARY KEY (`Id`),
  ADD KEY `IX_Teams_Tag` (`Tag`);

--
-- Indexen voor tabel `__EFMigrationsHistory`
--
ALTER TABLE `__EFMigrationsHistory`
  ADD PRIMARY KEY (`MigrationId`);

--
-- AUTO_INCREMENT voor geëxporteerde tabellen
--

--
-- AUTO_INCREMENT voor een tabel `Cyclists`
--
ALTER TABLE `Cyclists`
  MODIFY `Id` int(11) NOT NULL AUTO_INCREMENT, AUTO_INCREMENT=727;

--
-- AUTO_INCREMENT voor een tabel `DraftTurns`
--
ALTER TABLE `DraftTurns`
  MODIFY `Id` int(11) NOT NULL AUTO_INCREMENT, AUTO_INCREMENT=2995;

--
-- AUTO_INCREMENT voor een tabel `GameSessions`
--
ALTER TABLE `GameSessions`
  MODIFY `Id` int(11) NOT NULL AUTO_INCREMENT, AUTO_INCREMENT=59;

--
-- AUTO_INCREMENT voor een tabel `Jerseys`
--
ALTER TABLE `Jerseys`
  MODIFY `Id` int(11) NOT NULL AUTO_INCREMENT, AUTO_INCREMENT=47;

--
-- AUTO_INCREMENT voor een tabel `PlayerPoints`
--
ALTER TABLE `PlayerPoints`
  MODIFY `Id` int(11) NOT NULL AUTO_INCREMENT;

--
-- AUTO_INCREMENT voor een tabel `Players`
--
ALTER TABLE `Players`
  MODIFY `Id` int(11) NOT NULL AUTO_INCREMENT, AUTO_INCREMENT=6;

--
-- AUTO_INCREMENT voor een tabel `PlayerSelections`
--
ALTER TABLE `PlayerSelections`
  MODIFY `Id` int(11) NOT NULL AUTO_INCREMENT, AUTO_INCREMENT=613;

--
-- AUTO_INCREMENT voor een tabel `PointsRules`
--
ALTER TABLE `PointsRules`
  MODIFY `Id` int(11) NOT NULL AUTO_INCREMENT, AUTO_INCREMENT=30;

--
-- AUTO_INCREMENT voor een tabel `RaceEntries`
--
ALTER TABLE `RaceEntries`
  MODIFY `Id` int(11) NOT NULL AUTO_INCREMENT, AUTO_INCREMENT=709;

--
-- AUTO_INCREMENT voor een tabel `Races`
--
ALTER TABLE `Races`
  MODIFY `Id` int(11) NOT NULL AUTO_INCREMENT, AUTO_INCREMENT=22;

--
-- AUTO_INCREMENT voor een tabel `StageResults`
--
ALTER TABLE `StageResults`
  MODIFY `Id` int(11) NOT NULL AUTO_INCREMENT, AUTO_INCREMENT=57;

--
-- AUTO_INCREMENT voor een tabel `Stages`
--
ALTER TABLE `Stages`
  MODIFY `Id` int(11) NOT NULL AUTO_INCREMENT, AUTO_INCREMENT=103;

--
-- AUTO_INCREMENT voor een tabel `Teams`
--
ALTER TABLE `Teams`
  MODIFY `Id` int(11) NOT NULL AUTO_INCREMENT, AUTO_INCREMENT=34;

--
-- Beperkingen voor geëxporteerde tabellen
--

--
-- Beperkingen voor tabel `Cyclists`
--
ALTER TABLE `Cyclists`
  ADD CONSTRAINT `FK_Cyclists_Teams_TeamId` FOREIGN KEY (`TeamId`) REFERENCES `Teams` (`Id`) ON DELETE SET NULL;

--
-- Beperkingen voor tabel `DraftTurns`
--
ALTER TABLE `DraftTurns`
  ADD CONSTRAINT `FK_DraftTurns_Cyclists_CyclistId` FOREIGN KEY (`CyclistId`) REFERENCES `Cyclists` (`Id`),
  ADD CONSTRAINT `FK_DraftTurns_GameSessions_GameSessionId` FOREIGN KEY (`GameSessionId`) REFERENCES `GameSessions` (`Id`) ON DELETE CASCADE,
  ADD CONSTRAINT `FK_DraftTurns_Players_PlayerId` FOREIGN KEY (`PlayerId`) REFERENCES `Players` (`Id`) ON DELETE CASCADE,
  ADD CONSTRAINT `FK_DraftTurns_Races_RaceId` FOREIGN KEY (`RaceId`) REFERENCES `Races` (`Id`) ON DELETE CASCADE;

--
-- Beperkingen voor tabel `GameSessions`
--
ALTER TABLE `GameSessions`
  ADD CONSTRAINT `FK_GameSessions_Races_RaceId` FOREIGN KEY (`RaceId`) REFERENCES `Races` (`Id`),
  ADD CONSTRAINT `FK_GameSessions_Stages_StageId` FOREIGN KEY (`StageId`) REFERENCES `Stages` (`Id`);

--
-- Beperkingen voor tabel `Jerseys`
--
ALTER TABLE `Jerseys`
  ADD CONSTRAINT `FK_Jerseys_Cyclists_CyclistId` FOREIGN KEY (`CyclistId`) REFERENCES `Cyclists` (`Id`) ON DELETE CASCADE,
  ADD CONSTRAINT `FK_Jerseys_Stages_StageId` FOREIGN KEY (`StageId`) REFERENCES `Stages` (`Id`) ON DELETE CASCADE;

--
-- Beperkingen voor tabel `PlayerPoints`
--
ALTER TABLE `PlayerPoints`
  ADD CONSTRAINT `FK_PlayerPoints_Cyclists_CyclistId` FOREIGN KEY (`CyclistId`) REFERENCES `Cyclists` (`Id`) ON DELETE SET NULL,
  ADD CONSTRAINT `FK_PlayerPoints_GameSessions_GameSessionId` FOREIGN KEY (`GameSessionId`) REFERENCES `GameSessions` (`Id`) ON DELETE CASCADE,
  ADD CONSTRAINT `FK_PlayerPoints_Players_PlayerId` FOREIGN KEY (`PlayerId`) REFERENCES `Players` (`Id`) ON DELETE CASCADE,
  ADD CONSTRAINT `FK_PlayerPoints_Races_RaceId` FOREIGN KEY (`RaceId`) REFERENCES `Races` (`Id`) ON DELETE CASCADE,
  ADD CONSTRAINT `FK_PlayerPoints_Stages_StageId` FOREIGN KEY (`StageId`) REFERENCES `Stages` (`Id`) ON DELETE SET NULL;

--
-- Beperkingen voor tabel `PlayerSelections`
--
ALTER TABLE `PlayerSelections`
  ADD CONSTRAINT `FK_PlayerSelections_Cyclists_CyclistId` FOREIGN KEY (`CyclistId`) REFERENCES `Cyclists` (`Id`) ON DELETE CASCADE,
  ADD CONSTRAINT `FK_PlayerSelections_GameSessions_GameSessionId` FOREIGN KEY (`GameSessionId`) REFERENCES `GameSessions` (`Id`) ON DELETE CASCADE,
  ADD CONSTRAINT `FK_PlayerSelections_Players_PlayerId` FOREIGN KEY (`PlayerId`) REFERENCES `Players` (`Id`) ON DELETE CASCADE,
  ADD CONSTRAINT `FK_PlayerSelections_Races_RaceId` FOREIGN KEY (`RaceId`) REFERENCES `Races` (`Id`) ON DELETE CASCADE;

--
-- Beperkingen voor tabel `RaceEntries`
--
ALTER TABLE `RaceEntries`
  ADD CONSTRAINT `FK_RaceEntries_Cyclists_CyclistId` FOREIGN KEY (`CyclistId`) REFERENCES `Cyclists` (`Id`) ON DELETE CASCADE,
  ADD CONSTRAINT `FK_RaceEntries_Races_RaceId` FOREIGN KEY (`RaceId`) REFERENCES `Races` (`Id`) ON DELETE CASCADE,
  ADD CONSTRAINT `FK_RaceEntries_Teams_TeamId` FOREIGN KEY (`TeamId`) REFERENCES `Teams` (`Id`) ON DELETE SET NULL;

--
-- Beperkingen voor tabel `StageResults`
--
ALTER TABLE `StageResults`
  ADD CONSTRAINT `FK_StageResults_Cyclists_CyclistId` FOREIGN KEY (`CyclistId`) REFERENCES `Cyclists` (`Id`) ON DELETE CASCADE,
  ADD CONSTRAINT `FK_StageResults_Stages_StageId` FOREIGN KEY (`StageId`) REFERENCES `Stages` (`Id`) ON DELETE CASCADE;

--
-- Beperkingen voor tabel `Stages`
--
ALTER TABLE `Stages`
  ADD CONSTRAINT `FK_Stages_Races_RaceId` FOREIGN KEY (`RaceId`) REFERENCES `Races` (`Id`) ON DELETE CASCADE;
SET FOREIGN_KEY_CHECKS=1;
COMMIT;

/*!40101 SET CHARACTER_SET_CLIENT=@OLD_CHARACTER_SET_CLIENT */;
/*!40101 SET CHARACTER_SET_RESULTS=@OLD_CHARACTER_SET_RESULTS */;
/*!40101 SET COLLATION_CONNECTION=@OLD_COLLATION_CONNECTION */;
